titre,date_affichée,date_debut,date_fin,description,lieu_nom,lieu_adresse,image_url,event_link,genre
La Revue 2024,dim. 1 - mar. 31 déc.,2024-12-01T16:00:00+01:00,2024-12-31T16:00:00+01:00,"La Revue genevoise revient du jeudi 10 octobre au 31 décembre 2024 au Casino-Théâtre. 
Embarquez sur la bateau ""La Revue"" pour une croisière d'exception ! Chants, danse et sketchs vous attendent telle une comédie musicale. 
Retrouvez sur scène Claude-Inga Barbey, Laurent Deshusses, Jade Amstel, Frank Arnaudon, Isabelle Caillat, Nelson Duborgel, Gloria Grossrieder, Jean-Philippe Meyer, Christian Savary, Virginia Sirolli, Molly Hirt, Rebecca Figuigui, Léa Jeambrun, Jonathan Lazzarotto, Danielle Lyard et Alessio Urzetta.",Casino Théâtre,Casino Théâtre - Genève,https://etickets.storage5.infomaniak.com/events/thumbnail/a0b91c20-48e6-43be-9f28-f0dffae23e30.jpg?1733236224,https://infomaniak.events/fr-ch/culture-et-spectacles/la-revue-2024/6ymuUhyLUyA6dKWsyTcf0d1IvPut,N/A
Hameau du Père Noël,dim. 1 déc. 2024 - dim. 5 janv. 2025,2024-12-01T17:40:00+01:00,2025-01-05T10:00:00+01:00,"Billet valable uniquement pour le Hameau du Père Noël sur la date indiquée et le créneau d'arrivée choisi à la réservation devra être respecté, sans quoi l'accès pourra vous être refusé ou retardé. Durée moyenne de visite :
Grand Parc de Noël : 3h30
Hameau du Père Noël : 1h30
Informations pratiques : Hameau du Père Noël ou Grand Parc de Noël  
 
Visiteurs PMR : Votre billet ne sera validé sur le site à l’accueil qu’en présence de la carte CMI 'INVALIDITE'  et d’identité.Voir conditions sur notre site internet  ""Visiteurs en situation de handicap""",Hameau du Père Noël,Hameau du Père Noël - Saint-Blaise,https://etickets.storage5.infomaniak.com/events/thumbnail/e40a12a3-c63e-47f2-9a6a-42c4abca97d4.jpg?1733174104,https://infomaniak.events/fr-ch/famille/hameau-du-pere-noel/AQOentB94pGA4KrcLqN7ol2BcUtu,N/A
La collection – La soirée diapo et le roman photo,mar. 3 déc. - sam. 14 déc.,2024-12-03T19:00:00+01:00,2024-12-14T19:00:00+01:00,"Très actif sur les scènes romandes, notamment dans le registre contemporain-drôlatique, le Collectif BPM ajoute le Carrousel à diapositives et le Roman-photo au cycle de ses pièces vintages. Le trio décalé y narre l’histoire insolite d’objets désuets, comme autant d’abracadabrantes reliques de notre passé immédiat. Si loin, si proches, ces trophées has-been des années 80 et 90 nous rappellent non sans tendresse et amusement les soirées soporifiques en famille, quand le carrousel grippé du projecteur s’acharnait sur une énième image de tonton au camping, ou quand les sourires figés des stars de romans-photos ornaient encore le kiosque du coin de la rue. Mine de rien, l’alliage BPM – exacerbé par les dérapages hilarants de leurs micro-fictions nostalgi-comiques – fait réfléchir autant que rire.",Maison Saint-Gervais,Maison Saint-Gervais - Genève,https://etickets.storage5.infomaniak.com/events/thumbnail/f1f2f03b-7916-4d4d-b1c5-1ea0428b0fe0.jpg?1733235306,https://infomaniak.events/fr-ch/theatre/la-collection-la-soiree-diapo-et-le-roman-photo/4f2v0BLZwjS8c5jhdut4911a20Y2,N/A
Récital de piano  Xiaomu Yuan,Dans 3 heures,2024-12-03T19:00:00+01:00,2024-12-03T19:00:00+01:00,"



Nous avons le plaisir de vous inviter à une soirée de piano exceptionnelle à Genève. Le programme commence avec le Piano Sonata in B-flat Major KV 333 de Wolfgang Amadeus Mozart. Il est suivi d'une sélection de chefs-d'œuvre de Frédéric Chopin, dont son Scherzo Op.31, sa Sonate Op.35 et l'Andante Spianato et Grande Polonaise Op.22. Le récital se conclut avec la Fantaisie Op.17 de Robert Schumann, une œuvre d'une profonde intensité émotionnelle et l'une de mes préférées. Rejoignez-nous pour un voyage captivant à travers les époques baroque et romantique, mettant en lumière à la fois la virtuosité technique et l'expressivité de l'interprétation.
 




Xiaomu Yuan – Pianiste (Cliquez pour voir l'extrait du concert.)
Xiaomu Yuan est une pianiste accomplie, renommée pour son parcours diversifié dans la performance pianistique. Son voyage musical s'étend sur trois continents, commençant en Chine et se poursuivant aux États-Unis et en Europe. Elle a débuté sa formation en Chine avant de perfectionner son art au Colburn School de Los Angeles. Ses études se sont achevées en Suisse, à la Zürcher Hochschule der Künste et à la Musik Akademie Basel, où elle a obtenu un Master of Arts en interprétation musicale spécialisée.
Xiaomu s'est produite dans certains des lieux les plus prestigieux au monde, notamment le Carnegie Hall à New York, le Victoria Hall à Genève, la Musik Akademie Basel, la Zürcher Hochschule der Künste et le Conservatoire Central de Musique à Pékin. En remportant le premier prix au Concours International de Piano Bradshaw & Buono, elle a démontré un talent exceptionnel et une grande dévotion. Son vaste répertoire, allant des chefs-d'œuvre baroques aux compositions contemporaines, met en lumière sa polyvalence et sa profonde compréhension de styles musicaux divers. Son expérience internationale et sa formation multidisciplinaire ont fait d'elle une artiste captivante qui continue d'enchanter les publics du monde entier avec ses performances.
 
 ",Salle Frank Martin,Salle Frank Martin - Genève,https://etickets.storage5.infomaniak.com/events/thumbnail/9dacd38b-5547-4aeb-bce7-5a89280e1452.jpg?1733224502,https://infomaniak.events/fr-ch/musique-classique/recital-de-piano-xiaomu-yuan/8Bmwdh5IsDa3tbDi0f3upF0yWlFJ,Dernière chance
Iris,mar. 26 nov. - mar. 10 déc.,2024-11-26T20:00:00+01:00,2024-12-10T20:00:00+01:00,"Intrigue Iris, quel regard posé sur cette femme ! Entre le vert profond de ses yeux qui invite à la confiance et un passé tumultueux, on ne sait plus quoi penser d’elle. Sept ans après la mort de sa meilleure amie, Marie, elle revient au Bar la Bretelle, où s’était nouée, leur amitié peu commune. Elle y rencontre Noé, le nouveau barman, à qui elle va raconter son histoire. Mort, désir de vengeance, ce thriller psychologique vous emporte dans les liens obscurs qui unissent les êtres humains. Amitié-amour pour certains, pouvoir et obsession pour d’autres. Un verre de sirop de rose à la main, une histoire où les fleurs nous rappellent que les apparences sont souvent trompeuses.
Création de la Compagnie TandemUne pièce crée sur mesure pour le Bar la Bretelle. Une scénographie pour plonger les spectacteur-ices dans l'intrigue. ",Bar La Bretelle,Bar La Bretelle - Genève,https://etickets.storage5.infomaniak.com/events/thumbnail/0dbd7c71-78b2-46ac-a8e5-dd711c7b061c.jpg?1733147104,https://infomaniak.events/fr-ch/theatre/iris/9oNwGB2dHta3tbDi0f3upF275SKT,N/A
La Clique du Caustic,mar. 26 nov. 2024 - mar. 28 janv. 2025,2024-11-26T20:00:00+01:00,2025-01-28T20:00:00+01:00,"Le Caustic vous présente sa troupe !
 
Félix Ringaby, le prodige effronté qui délivre ses vannes comme un chirurgien : il a pourtant la tête dans la lune et dans sa tête 6000 pensées abouties et contradictoires qui fusent en même temps pour nous faire éclater de rire.
Fiona, la bitcheuse virtuose qui parle 6 langues, 7 avec le sarcasme qu’elle maitrise parfaitement : elle frappe fort avec des thèmes noirs comme le suicide ou le yoga.
Dos, le psychologue presque parfait qui enchaîne les punchs comme un boxeur dans son prime : il assène ses blagues dans des angles inattendus et n’a pas peur d’être vulnérable.
Neal Maxwell, le chaman funambule qui stupéfie : il nous guide dans le périple étrange et hilarant qu’est une balade dans son cerveau.
 
Ces 4 fantastiques de la vanne, différents mais complémentaires, seront présents en résidence au Caustic et sur les routes à 2, à 3 ou à 4 pour écrire l’histoire de leur ascension... Nous on y croit ! À vous de voir si vous voulez pouvoir dire un jour « j’étais là à leurs débuts ».",Caustic Comedy Club,Caustic Comedy Club - Carouge,https://etickets.storage5.infomaniak.com/events/thumbnail/732357f5-0ead-4929-bbeb-aaa14b811693.jpg?1733087700,https://infomaniak.events/fr-ch/humour-et-comedie/la-clique-du-caustic/6O0ZnXrkyO26dKWsyTcf0d124EwC,N/A
JLG* VS MD** (*Jean-Luc Godard VS **Marguerite Duras),mar. 3 déc. - jeu. 19 déc.,2024-12-03T20:00:00+01:00,2024-12-19T20:00:00+01:00,,Le Grütli centre de production et diffusion des arts vivants,Le Grütli centre de production et diffusion des arts vivants - Genève,https://etickets.storage5.infomaniak.com/events/thumbnail/a9b3f0c3-ecac-457a-a186-ac926c57b29c.jpg?1733139031,https://infomaniak.events/fr-ch/theatre/jlg-vs-md-jean-luc-godard-vs-marguerite-duras/5hd03REDwQs3tbDi0f3upF282GzW,N/A
Cirque de Noël - Spectacle de cirque 15h00,dim. 1 déc. 2024 - dim. 5 janv. 2025,2024-12-01T15:00:00+01:00,2025-01-05T15:00:00+01:00,,Cirque de Noel Genève,Cirque de Noel Genève,https://etickets.storage5.infomaniak.com/events/thumbnail/d6bc5d00-5b1f-4640-8bbc-56a85d57abab.jpg?1733151630,https://infomaniak.events/fr-ch/culture-et-spectacles/cirque-de-noel-spectacle-de-cirque-15h00/4Uv9ueTjnIw5cAGhmH6f3v2BclHw,N/A
Cirque de Noël - Spectacle de cirque 18h00,dim. 1 déc. 2024 - sam. 4 janv. 2025,2024-12-01T18:00:00+01:00,2025-01-04T18:00:00+01:00,,Cirque de Noel Genève,Cirque de Noel Genève,https://etickets.storage5.infomaniak.com/events/thumbnail/f3ef3059-36ab-4229-a973-4fc9a632384b.jpg?1733175901,https://infomaniak.events/fr-ch/culture-et-spectacles/cirque-de-noel-spectacle-de-cirque-18h00/5x3qto1biHCAFhz2MhOXxo1K5RzA,N/A
WODOD,sam. 7 déc. - dim. 15 déc.,2024-12-07T11:00:00+01:00,2024-12-15T11:00:00+01:00,Un extraterrestre pose son regard décalé sur les objets de notre quotidien,Thêatre Am Stram Gram,Thêatre Am Stram Gram - Genève,https://etickets.storage5.infomaniak.com/events/thumbnail/e0aba8a8-e4bc-49c1-929d-3bebb7ab934b.jpg?1733231702,https://infomaniak.events/fr-ch/theatre/wodod/AL5rNcNQoQE6dKWsyTcf0d1dLT8d,Bientôt complet
THE DOUG,Dans 4 jours,2024-12-07T21:00:00+01:00,2024-12-07T21:00:00+01:00,"Spectacle accessible :
- dès 16 ans, accompagné d'une personne majeure.",Chat Noir,Chat Noir - Carouge,https://etickets.storage5.infomaniak.com/events/thumbnail/a86efb93-6b61-48ba-b814-9f27d8375a7d.jpg?1731405625,https://infomaniak.events/fr-ch/concerts/the-doug/8xwYoTO9VRaA4KrcLqN7ol22P5sP,Dernière chance
Victoria Pianasso - Reste simple,Dans 4 jours,2024-12-07T20:00:00+01:00,2024-12-07T20:00:00+01:00,"« La simplicité est la sophistication suprême » : ce n’est pas elle qui le dit, c’est Léonard de Vinci.
 
Pourquoi faire compliqué quand on peut faire simple ? Ou plutôt, pourquoi faire simple quand on peut faire compliqué ? Voilà toute la complexité de l’être humain. Contemplative de ce dilemme philosophique, Victoria Pianasso voit les choses en grand. Pour ce premier spectacle, elle propose un show à l’américaine avec un budget de kermesse. Ça promet ! 
 
Entre stand-up, personnages, et parodies de chansons, Victoria Pianasso nous offre un savant mélange de sarcasme et d’absurde. À la fois mordante et touchante, elle nous partage ses réflexions sur fond de féminisme et de hits incontournables. Comme Tina Arena, Victoria Pianasso rêve d’aller plus haut, mais on lui a dit « Reste simple ». Elle n’a pas réussi.
 
Humour
Durée : 1h05",Salle du Lignon,Salle du Lignon - Vernier,https://etickets.storage5.infomaniak.com/events/thumbnail/84b423e6-deee-4b4c-8ef0-d773a2a7ec2c.jpg?1733232624,https://infomaniak.events/fr-ch/humour-et-comedie/victoria-pianasso-reste-simple/9dwYTjhHQbS8c5jhdut4911S3tvJ,Dernière chance
La collection – L'intégrale,sam. 7 déc. - dim. 15 déc.,2024-12-07T16:00:00+01:00,2024-12-15T16:00:00+01:00,"Dans l’intégrale vous verrez: 
La K7
Le Vélomoteur / Le Téléphone à cadran rotatif
Le Téléviseur à tube cathodique / Le Service à asperges
La Soirée Diapositive / Le Roman-photo
Durée 4h45 y compris deux entractes",Maison Saint-Gervais,Maison Saint-Gervais - Genève,https://etickets.storage5.infomaniak.com/events/thumbnail/1b785b5a-e66e-4116-9e2f-f4d7dfdeac32.jpg?1733163301,https://infomaniak.events/fr-ch/theatre/la-collection-lintegrale/67N1RnscBz05cAGhmH6f3v1vRMcL,N/A
LES FABLES DU BAOBAB,mer. 4 déc. - dim. 22 déc.,2024-12-04T15:00:00+01:00,2024-12-22T11:00:00+01:00,"LES FABLES DU BAOBAB
Du 4 au 22 décembre 2024
Dès 4 ans 45 minutes 
Marionnettes de table
Spectacle interprété en langue des signes (LSF) le 14 décembre à 17h
Un spectacle de la Cie Pataclowns (CH), en coproduction avec le Théâtre des Marionnettes de Genève et le Théâtre de marionnettes de Lausanne.
Chanter les fables de La Fontaine ! Voilà comment Fidèle et Hyacinthe ont dû apprendre le français lorsqu’ils étaient enfants en Côte d’Ivoire. Que ce soit à travers le langage alambiqué du 17e siècle ou les histoires contées par les vieux du village à l’ombre du baobab…la fable animalière a nourri leur imaginaire depuis toujours. Aujourd’hui, ils piochent dans l’univers de La Fontaine pour en créer une histoire joyeuse et colorée où fables et marionnettes unissent leurs forces pour désamorcer les divergences… Habitués à créer leurs propres jouets, puis leurs marionnettes, à partir d’objets récupérés et de matières naturelles, Fidèle et Hyacinthe proposent ici un spectacle entièrement composé de matériaux recyclés. Boîtes de conserves et bouchons de plastique, cartons et bouteilles, astucieusement transformés et assemblés, trouvent ainsi une nouvelle vie et façonnent un univers scénique insolite, qui envisage le geste créatif comme vecteur d’un monde plus harmonieux et durable.",Théâtre des Marionnettes de Genève,Théâtre des Marionnettes de Genève,https://etickets.storage5.infomaniak.com/events/thumbnail/994c3c45-d0ce-4f76-85b7-129506cb9c16.jpg?1733237102,https://infomaniak.events/fr-ch/theatre/les-fables-du-baobab/6uITylKd4V83tbDi0f3upF1pq63e,Bientôt complet
LA NUIT DE L'ESCALADE,dim. 1 - dim. 15 déc.,2024-12-01T18:15:00+01:00,2024-12-15T10:15:00+01:00,"Veuillez arriver au moins 15 minutes avant votre heure de départ pour l'expérience pour vous enregistrer !
Si vous réservez plusieurs expériences à la suite, il est impératif de prévoir 40 minutes entre chaque départ.",Confédération Centre Etage -1,Confédération Centre Etage -1 - Genève,https://etickets.storage5.infomaniak.com/events/thumbnail/6e86b6c1-99aa-462d-b1aa-c4b661b3b3f4.jpg?1733221825,https://infomaniak.events/fr-ch/culture-et-spectacles/la-nuit-de-lescalade/9ydZ41wzYNGA4KrcLqN7ol1xppAq,N/A
DREAMWORKS DRAGONS FLIGHT ACADEMY,dim. 1 - dim. 15 déc.,2024-12-01T18:25:00+01:00,2024-12-15T10:25:00+01:00,"Veuillez arriver au moins 15 minutes avant votre heure de départ pour l'expérience pour vous enregistrer !
Si vous réservez plusieurs expériences à la suite, il est impératif de prévoir 40 minutes entre chaque départ.",Confédération Centre Etage -1,Confédération Centre Etage -1 - Genève,https://etickets.storage5.infomaniak.com/events/thumbnail/dfabf08f-dd3d-4845-a43d-4198bb4498f7.jpg?1733170504,https://infomaniak.events/fr-ch/loisirs/dreamworks-dragons-flight-academy/4edO3UFr63e8c3LMd3MzBf139s6V,N/A
La Malédiction de la Perle Oubliée,dim. 1 - dim. 15 déc.,2024-12-01T18:20:00+01:00,2024-12-15T10:20:00+01:00,"Veuillez arriver au moins 15 minutes avant votre heure de départ pour l'expérience pour vous enregistrer !
Si vous réservez plusieurs expériences à la suite, il est impératif de prévoir 40 minutes entre chaque départ.",Confédération Centre Etage -1,Confédération Centre Etage -1 - Genève,https://etickets.storage5.infomaniak.com/events/thumbnail/1f062101-8887-4cc5-be73-9475ce7759c1.jpg?1733170505,https://infomaniak.events/fr-ch/loisirs/la-malediction-de-la-perle-oubliee/9zIZ96zYGDSAFhz2MhOXxo1MY6KP,N/A
"Caustic Comedy Night ""4 humoristes / 1h de blagues""",jeu. 28 nov. 2024 - jeu. 29 mai 2025,2024-11-28T21:00:00+01:00,2025-05-29T19:00:00+02:00,"La Caustic Comedy Night va devenir ton rendez-vous préféré au Caustic ;) Le principe est simple : un spectacle de stand-up où les gens drôles de Suisse, de France et de Belgique vont te faire rire pendant une heure.
 
Tu veux passer une soirée insolite à Genève ? Tu prends ton billet, tu prends ta bière, tu descends dans notre petite cave voutée, tu t'installes.. Des humoristes de talent vont se succéder pour balancer des blagues dans le micro, et tu vas rire. Fort, parce qu'au Caustic on te fait une promesse : les artistes qu'on te présente sont drôles. Parfois connus, parfois émergents, mais toujours drôles.
 
https://www.youtube.com/@CausticComedyClub/shorts
Durée du spectacle: 1h00
Humoristes en alternance",Caustic Comedy Club,Caustic Comedy Club - Carouge,https://etickets.storage5.infomaniak.com/events/thumbnail/ca9da358-6ded-4cbe-929e-3f6e146888cb.jpg?1732989880,https://infomaniak.events/fr-ch/humour-et-comedie/caustic-comedy-night-4-humoristes-1h-de-blagues/9tBj1O0R4ss5cAGhmH6f3v1VZNY6,N/A
Le Grand Parc de Noël,dim. 1 déc. 2024 - dim. 5 janv. 2025,2024-12-01T10:30:00+01:00,2025-01-05T11:00:00+01:00,"À deux pas du Hameau du Père Noël, le Père Noël à la joie d’accueillir de nouveaux amis pour voisins.
Un parc aux couleurs de Noël où se mêlent de nouveaux lieux de visites: maison du Père Gourmand, du Père Fouettard, du Casse-Noisette et du Grand Père Noël, mais aussi des activités de plein air, des animaux, des spectacles
Cette fin d’année, c’est deux fois plus de Magie !
Ce billet est valable uniquement sur la date indiquée. Pensez à vérifier votre date de visite avant de valider votre panier. la modification ou annulation ne sera pas possible par la suite.Pour le Grand Parc de Noël il n'y a pas d'heure d'arrivée à respecter (en dehors des heures d'ouverture à contrôler sur le site internet)Durée moyenne de visite :
Grand Parc de Noël : 3h30
Hameau du Père Noël : 1h30
Informations pratiques : Hameau du Père Noël ou Grand Parc de Noël  
 
Visiteurs PMR : Votre billet ne sera validé sur le site à l’accueil qu’en présence de la carte CMI 'INVALIDITE'  et d’identité.Voir conditions sur notre site internet  ""Visiteurs en situation de handicap""",Le Grand Parc d'Andilly,Le Grand Parc d'Andilly,https://etickets.storage5.infomaniak.com/events/thumbnail/2eb59c3d-31bb-4844-8e7c-681688e31e54.jpg?1733174102,https://infomaniak.events/fr-ch/famille/le-grand-parc-de-noel/9eHE9x7JY4A3tbDi0f3upF2AJLoC,N/A
REVUE A DEUX ET EN MOINS D'DEUX !,sam. 30 nov. - sam. 21 déc.,2024-11-30T20:30:00+01:00,2024-12-21T20:30:00+01:00,,Le P'tit Music Hohl,Le P'tit Music Hohl - Vernier,https://etickets.storage5.infomaniak.com/events/thumbnail/5035e8aa-b336-4dc6-b988-1fdc124bb022.jpg?1733217307,https://infomaniak.events/fr-ch/humour-et-comedie/revue-a-deux-et-en-moins-ddeux/A4YxCcIrfIA6dKWsyTcf0d10naIs,N/A
La Bonne Adresse au Théâtre des Grottes,Se termine dans 5 jours,2024-11-28T20:00:00+01:00,2024-12-08T17:00:00+01:00,"La Bonne Adresse
Une pièce de Marc Camoleti
Mise en scène : Jean-Pierre Passerat",Théâtre des Grottes,Théâtre des Grottes - Genève,https://etickets.storage5.infomaniak.com/events/thumbnail/a9d54baf-c223-49ad-a3ba-a5e1bb351971.jpg?1732871703,https://infomaniak.events/fr-ch/humour-et-comedie/la-bonne-adresse-au-theatre-des-grottes/5xmf19oAPpK5cAGhmH6f3v1DP3wo,Dernière chance
The Libertines,jeu. 13 févr. 2025,2025-02-13T20:00:00+01:00,2025-02-13T20:00:00+01:00,"Groupe ultra culte du rock indé britannique, les Libertines débarquent à Antigel! Un concert immanquable, tant la magie du binôme Pete Doherty / Carl Barat se fait rare sur scène.",Salle du Lignon,Salle du Lignon - Vernier,https://etickets.storage5.infomaniak.com/events/thumbnail/f4be3379-4254-42bc-a5b3-61380b98a4e2.jpg?1733130297,https://infomaniak.events/fr-ch/festivals/the-libertines/9tr343bBg6E5cAGhmH6f3v2DuMXX,N/A
Étoile Carouge FC - FC Schaffhausen,Dans 4 jours,2024-12-08T14:15:00+01:00,2024-12-08T14:15:00+01:00,"Venez encourager Etoile Carouge au stade de la Fontenette pour cette 17ème journée de championnat de la Dieci Challenge League.
Préparez-vous à donner de la voix pour votre équipe !
EnsembleCarouge ",Stade de la Fontenette,Stade de la Fontenette - Carouge,https://etickets.storage5.infomaniak.com/events/thumbnail/449d51ee-4566-4644-863e-dfc50cbaa7e4.jpg?1733145302,https://infomaniak.events/fr-ch/sport/etoile-carouge-fc-fc-schaffhausen/4F4gVIBhrhi9YgS9hByBov1eZbVJ,Dernière chance
Nuits d'Orient,Dans 5 jours,2024-12-08T20:00:00+01:00,2024-12-08T20:00:00+01:00,"Mazzika est une organisation à but non lucratif. Une partie des recettes de ce concert est versée à des associations humanitaires du moyen orient.
 
Les ""Nuits d'Orient"" est un concert qui reprend les grands classiques de musique orientale et du Maghreb. c'est une invitation à survoler le monde arabe le temps d'une soirée et à revivre ses meilleurs moments musicaux.C'est l'occasion de mettre à l'honneur ses plus grandes voix et de revisiter les tubes ayant marqué plus d'une génération. Ce délicieux voyage en musique prend vie grâce à la symbiose et aux talents de ses interprètes à l'enthousiasme unique. Mazzika Orchestra, qui s'est donné pour mission de faire revivre les plus grands noms de la musique arabe sur la scène française et européenne, revisitera les plus beaux airs du répertoire.
Guests : Mehdi Ayachi & Hamidou
Durée : 1h30 environDirection artistique : Amal Guermazi",L'ALHAMBRA,L'ALHAMBRA - Genève,https://etickets.storage5.infomaniak.com/events/thumbnail/1db4f794-6e90-46a5-a191-c580150ed555.jpg?1732833026,https://infomaniak.events/fr-ch/concerts/nuits-dorient/5cSCpKmyFhy6dKWsyTcf0d2081Ff,Dernière chance
Le Recluses Présente ULTRA VOMIT + Support Band,ven. 30 mai 2025,2025-05-30T20:00:00+02:00,2025-05-30T20:00:00+02:00,"Préparez-vous à une soirée explosive, car ULTRA VOMIT débarque à Genève pour un concert mémorable à l'Alhambra !
Les maîtres de la parodie métal française reviennent en force, prêts à enflammer la scène avec leurs morceaux épiques, leurs riffs puissants et leur humour décapant. Si vous êtes fan de métal, de second degré, et que vous avez envie de vous défouler, ne manquez surtout pas cette occasion unique de les voir en live.
Ultra Vomit est un groupe de métal hors du commun qui ressemble à tous les autres, mais en différent. Parfaite alliance entre la puissance du métal et le pouvoir de l’humour, ils ont aussi su associer la puissance comique au pouvoir des musiques extrêmes, et vice et versa. Depuis 1999, les quatre nantais ont su élever l’amateurisme à un niveau professionnel, en témoignent leurs nombreux passages au Hellfest, leur Olympia ou le Disque d’Or de leur précédent opus. Ils ont aujourd’hui honte d’être fier de vous présenter leur 4ème album : “Le Pouvoir de la Puissance”, qu'ils défendront sur la route face à leurs fidèles clients, dans un spectacle aussi régressif qu'agressif. Un show qui promet de faire trembler les murs de l'Alhambra et de vous laisser des souvenirs inoubliables !
Plus premières parties.
Billetterie : Les places sont limitées, alors réservez vite vos billets pour ne pas manquer cette soirée phénoménale.
Tarif : 32.- en préloc, 35.- sur place, frais de préloc inclus
Enfants -12 gratuit
Informations complémentaires :
Vestiaire disponible sur place 2.-
Bar et snacks pour une soirée sans fausse note !
Que vous soyez un fan de longue date ou que vous découvriez Ultra Vomit pour la première fois, cette soirée est pour vous ! Venez nombreux et préparez-vous à passer une nuit inoubliable au son du métal et de l'humour !
Enfants moins de 12 ans gratuit.
Billetterie sur www.reclusesfest.ch
Ouverture des portes 19h00 début des concerts 20h00. Attention places limitées/réservations conseillées.
 Pas de fascistes, pas de sexistes.",ALHAMBRA,ALHAMBRA - Genève,https://etickets.storage5.infomaniak.com/events/thumbnail/68e9e524-5bc3-467f-b335-f61c2e4290e9.jpg?1733131825,https://infomaniak.events/fr-ch/concerts/le-recluses-presente-ultra-vomit-support-band/79TkZFFTTWcA4KrcLqN7ol1yvX8E,N/A
KOMPROMAT,sam. 22 févr. 2025,2025-02-22T20:00:00+01:00,2025-02-22T20:00:00+01:00,"Véritable fusion en forme de collision d’astéroïdes techno et cold-wave, le duo KOMPROMAT fait son retour pour venir secouer la scène électronique française. Attention, choc sismique garanti !",Alhambra Genève,Alhambra Genève,https://etickets.storage5.infomaniak.com/events/thumbnail/972d470a-5f03-4697-a6e5-df30a92882c6.jpg?1733130297,https://infomaniak.events/fr-ch/festivals/kompromat/48WcoNLaeeYAFhz2MhOXxo2DmAsb,N/A
Cirque de Noël - Dîner spectacle de Nouvel An,mar. 31 déc.,2024-12-31T19:00:00+01:00,2024-12-31T19:00:00+01:00,"Un compte à rebours entre les années dans une ambiance plus que particulière, rires, emotions, danse et bonne humeur.",Cirque de Noel Genève,Cirque de Noel Genève,https://etickets.storage5.infomaniak.com/events/thumbnail/6f0667ac-f4cd-4dd6-b20a-43c88145dc9c.jpg?1733148905,https://infomaniak.events/fr-ch/culture-et-spectacles/cirque-de-noel-diner-spectacle-de-nouvel-an/6HhzDwXiCvKA4KrcLqN7ol1IqRAw,N/A
HUGO TSR,sam. 19 avr. 2025,2025-04-19T20:00:00+02:00,2025-04-19T20:00:00+02:00,"CONFIGURATION
- Ce concert est prévu debout, à l'exception de quelques places.
 
INFOS GÉNÉRALES
- Retrouver toutes les informations billetteries détaillées (détails justificatifs, tarifs, ...) sur notre page ICI
 
 ",ALHAMBRA,ALHAMBRA - Genève,https://etickets.storage5.infomaniak.com/events/thumbnail/efdd5552-26dc-4beb-b27d-f77cb94c13c4.jpg?1733067906,https://infomaniak.events/fr-ch/concerts/hugo-tsr/4l3UBCQOOJe9YgS9hByBov1VZyJm,N/A
Punch Club,Dans 2 jours,2024-12-05T20:00:00+01:00,2024-12-05T20:00:00+01:00,"

 
Le Punch Club c’est les joueur·euses des plus grandes ligues d’impro du Québec qui affrontent une sélection Suisse lors d’un match sans règles dans l’arène la plus compétitive du monde de l’impro. On appelle ça la street impro.Equipe suisse : Christian Baumann, Nina Cachelin et Adrien Laplana Equipe Québec : Fabiola Aladin, Louis Philippe Desjardins et Remy Pelletier

",Salle Centrale de la Madeleine,Salle Centrale de la Madeleine - Genève,https://etickets.storage5.infomaniak.com/events/thumbnail/d813cb43-2946-4c2e-a75b-eac6eba6978d.jpg?1732618828,https://infomaniak.events/fr-ch/humour-et-comedie/punch-club/4EyWME0MSFWA4KrcLqN7ol295E7q,Dernière chance
La meringue du souterrain,jeu. 5 déc. - sam. 7 déc.,2024-12-05T19:00:00+01:00,2024-12-07T19:00:00+01:00,"Que faire sur scène en l’absence de regard public? Aux manettes de la Cie Zerep, Sophie Perez orchestre un capharnaüm hallucinatoire où formes et difforme composent avec irrévérence une folle histoire de couple. En effet, Sophie Lenoir et Stéphane Roger kidnappent le plateau pour y déverser un théâtre aussi brut que virtuose. Dans un décor digne d’une série Z, qui prend ses aises et dégueule jusque dans la salle, les deux trublions explosent les codes pour virevolter entre quizz théâtral, comics en 3D et danses tribales.",Maison Saint-Gervais,Maison Saint-Gervais - Genève,https://etickets.storage5.infomaniak.com/events/thumbnail/e7ae8df9-3de4-49dc-b5f7-a9c14aba6386.jpg?1733234429,https://infomaniak.events/fr-ch/theatre/la-meringue-du-souterrain/7FDDgiwDCcc5cAGhmH6f3v1Zz1jw,Dernière chance
VALENTINE ET GABRIEL MICHAUD,Dans 2 jours,2024-12-05T19:30:00+01:00,2024-12-05T19:30:00+01:00,"Programme
François Couperin, 1er Concert RoyalCorentin Apparailly, Suite Parisienne n°1Maurice Ravel, Tombeau de Couperin, 1er mouvementClaude Debussy, La fille aux cheveux de linMichel Legrand, Chanson de MaxenceCorentin Apparailly, Suite Parisienne n°2Edith Piaf, J’ai deux amours mon pays et ParisSydney Bechet, Petite FleurLili Boulanger, NocturnePhilippe Hurel, A Batons RompusGermaine Taillefer, ArabesqueCorentin Apparailly, Suite Parisienne n°3Django Reinhardt, NuagesDarius Milhaud, Scaramouche",Palais de l'Athénée / Salle des Abeilles,Palais de l'Athénée / Salle des Abeilles - Genève,https://etickets.storage5.infomaniak.com/events/thumbnail/2de20669-ddcf-48bd-a09f-1ac33e2130a4.jpg?1733148904,https://infomaniak.events/fr-ch/concerts/valentine-et-gabriel-michaud/4F8a7kalleEA4KrcLqN7ol1WbQs0,Dernière chance
"Frédéric Recrosio - Durer, choisir et chanter des berceuses",Dans 2 jours,2024-12-05T20:00:00+01:00,2024-12-05T20:00:00+01:00,"Après 10 ans d’absence, Frédéric Recrosio fait son retour sur les scènes romandes avec un nouveau solo existentiel. Mais pourquoi s’être tu si longtemps ? « Le bonheur » nous dit-il... Paraît que « c’est un mauvais sujet ». Mais le revoici ! Et pour nous amuser de plus belle, il se remémore, compile et partage avec nous les plus grandes déconvenues de sa vie dans un spectacle tout en confessions autobiographiques. Un moment tendre et cruel. Comme chaque jour qui passe.
Dans ce spectacle, beaucoup d’anecdotes, emballées tantôt dans un écrin mélancolique, tantôt dans quelques théories sentencieuses, pour parvenir à faire s’entremêler ces deux approches que le comédien affectionne depuis toujours : la sincérité et la mauvaise-foi !
Conception, texte et jeu : Frédéric Recrosio Accompagnement du texte et mise en scène : Yann Marguet Interlocuteur plateau : Lorenzo Malaguerra Dramaturgie : Carine Corajoud Création lumières : Jean-Etienne Bettler Musiques : Alain Roche Scénographie : à distribuer Administration : Marion Houriet",Salle Point Favre,Salle Point Favre - Chêne-Bourg,https://etickets.storage5.infomaniak.com/events/thumbnail/79a29507-bc92-482a-9f39-180963a85404.jpg?1732887903,https://infomaniak.events/fr-ch/culture-et-spectacles/frederic-recrosio-durer-choisir-et-chanter-des-berceuses/A9t2mbWAyLiAFhz2MhOXxo1Xkxao,Dernière chance
MAD IN FINLAND,ven. 17 janv. - dim. 26 janv. 2025,2025-01-17T19:00:00+01:00,2025-01-26T15:00:00+01:00,L’événement de la saison ! Un spectacle de cirque nordique éblouissant exclusivement composé de femmes. Un moment que petit·es et grand·es n’oublieront pas !,Thêatre Am Stram Gram,Thêatre Am Stram Gram - Genève,https://etickets.storage5.infomaniak.com/events/thumbnail/54a97d92-2122-450d-9de9-85ab0b161b9f.jpg?1730972703,https://infomaniak.events/fr-ch/theatre/mad-in-finland/8hbEih6yMz4A4KrcLqN7ol1okgKT,N/A
Cirque de Noël - Dîner spectacle,ven. 29 nov. - ven. 20 déc.,2024-11-29T20:00:00+01:00,2024-12-20T20:00:00+01:00,"Un dîner-spectacle dans une ambiance particulière, un orquestre live, des artistes, des danseuses, des acrobats et pleins d'autres surprises pour rendre votre soirée inoubliable",Cirque de Noel Genève,Cirque de Noel Genève,https://etickets.storage5.infomaniak.com/events/thumbnail/46e01a0a-063a-46fd-b7be-b3502fe87c52.jpg?1733062502,https://infomaniak.events/fr-ch/culture-et-spectacles/cirque-de-noel-diner-spectacle/9oUJquJDDW65cAGhmH6f3v2BMXXe,N/A
Cirque de Noël - Dîner spectacle de NOËL,mar. 24 déc.,2024-12-24T19:00:00+01:00,2024-12-24T19:00:00+01:00,"Venez fêter Noël dans une ambiance particulière, en famille ou entre amis",Cirque de Noel Genève,Cirque de Noel Genève,https://etickets.storage5.infomaniak.com/events/thumbnail/72e99aba-f8f2-4cb2-b64b-1a7695064a8e.jpg?1733213701,https://infomaniak.events/fr-ch/culture-et-spectacles/cirque-de-noel-diner-spectacle-de-noel/5xN84O6aPEw8c5jhdut4911Ipg9O,N/A
MIX 33,mer. 18 déc. - sam. 21 déc.,2024-12-18T15:00:00+01:00,2024-12-21T20:00:00+01:00,"Le Ballet Junior de Genève réunit quarante et un·e jeunes danseurs et danseuses et propose au public de découvrir en une soirée une série de pièces de quatre chorégraphes importants de la création contemporaine en danse. D’Emanuel Gat à Marne van Opstal en passant par Marcos Morau et Hofesh Shechter, ce sont quatre univers esthétiques originaux et bien différenciés qui seront servis sur un plateau, avec l'énergie et la vitalité d'interprètes au seuil de leur carrière professionnelle.
Programme : ""Deuxième mouvement"" d'Emanuel Gat, ""Cathedral"" de Marcos Morau, ""Touch Base"" de Marne van Opstal, ""tHE bAD"" de Hofesh Shechter",Salle du Lignon,Salle du Lignon - Vernier,https://etickets.storage5.infomaniak.com/events/thumbnail/359e3fda-159e-4ecd-9a40-7c8780048c8a.jpg?1733131824,https://infomaniak.events/fr-ch/theatre/mix-33/66w7GyEa5EAAFhz2MhOXxo1Poihx,N/A
Gala Standup Connexion,mer. 18 déc.,2024-12-18T19:00:00+01:00,2024-12-18T19:00:00+01:00,"Rejoignez-nous pour une Soirée Inoubliable avec la Standup Connexion !
Faites le plein de rires et célébrez la fin de l'année 2024 en beauté ! La Standup Connexion vous convie à un Gala Stand Up, réunissant les humoristes les plus talentueux de la scène actuelle.
Les noms des artistes seront révélés progressivement, mais soyez assurés que ceux qui ont déjà vécu une soirée avec la Standup Connexion Family savent que chaque instant en notre compagnie se transforme en une aventure mémorable !
Date : Mercredi 18 décembre 2024Lieu : Théâtre de la MadeleineHoraires : 19h 
Tarif : À partir de 34.-Ouverture des portes : 30 minutes avant chaque représentation
Pour plus d'informations, rendez-vous sur www.standupconnexion.com.
Ne manquez pas cet événement exceptionnel !
Team Standup Connexion ",Salle Centrale de la Madeleine,Salle Centrale de la Madeleine - Genève,https://etickets.storage5.infomaniak.com/events/thumbnail/1cccf08a-80fa-4142-bd04-04f26ee6757f.jpg?1733150703,https://infomaniak.events/fr-ch/humour-et-comedie/gala-standup-connexion/4pDbWT4ixAgAFhz2MhOXxo1OjwUg,N/A
VICTORIEN,sam. 5 avr. 2025,2025-04-05T21:00:00+02:00,2025-04-05T21:00:00+02:00,"Spectacle accessible :
- dès 16 ans, accompagné d'une personne majeure.",Chat Noir,Chat Noir - Carouge,https://etickets.infomaniak.com/images/periods/dates/default_portal.jpg,https://infomaniak.events/fr-ch/concerts/victorien/7FL7G4a8rII6SbNZr33Q4f0pTqLh,N/A
PERSONNE N'EST ENSEMBLE SAUF MOI,ven. 6 déc. - dim. 8 déc.,2024-12-06T19:00:00+01:00,2024-12-08T17:00:00+01:00,"Sur scène, des jeunes en situation de handicap invisible et des comédien·nes parlent à toutes les adolescences",Thêatre Am Stram Gram,Thêatre Am Stram Gram - Genève,https://etickets.storage5.infomaniak.com/events/thumbnail/ccc394b1-31d5-4d25-aca2-193e384f1a13.jpg?1733214625,https://infomaniak.events/fr-ch/theatre/personne-nest-ensemble-sauf-moi/9tcwnDNeuR83tbDi0f3upF2AVkc5,Dernière chance
Stand Up Secret,sam. 16 nov. 2024 - ven. 13 juin 2025,2024-11-16T21:30:00+01:00,2025-06-13T21:30:00+02:00,"Un événement unique, des artistes exceptionnels et 200 personnes attendues dans le plus grand secret.
Une fois par mois, le Caustic te propose une soirée surprise à l'Audio Club de Genève : un stand up secret dans la boîte de nuit la plus cool du coin. Ça veut dire que tu donnes ta confiance, tu viens, tu commandes un verre, la musique se lance, la lumière s'allume et tu découvres des humoristes de Suisse, France, Belgique avec une garantie 100% golri.
Parfois même, tu les connaitras bien. Donne-nous ta confiance, on t'apporte la qualité.",Audio Club,Audio Club - Genève,https://etickets.storage5.infomaniak.com/events/thumbnail/a0841e43-8781-485f-a22b-7dbc78cbfaf1.jpg?1732989914,https://infomaniak.events/fr-ch/humour-et-comedie/stand-up-secret/8LPnPFvUck6AFhz2MhOXxo288vph,Caustic Prod
MOHS.,Dans 3 jours,2024-12-06T21:00:00+01:00,2024-12-06T21:00:00+01:00,"Concert accessible dès 16 ans, accompagné d'une personne majeure.
 
 
 ",Chat Noir,Chat Noir - Carouge,https://etickets.storage5.infomaniak.com/events/thumbnail/2452b073-d87b-46ce-b379-c1b33c7a2594.jpg?1729691105,https://infomaniak.events/fr-ch/concerts/mohs/7etanRYv6OY3tbDi0f3upF0wOWSV,Dernière chance
"Mahé ""s'installe""",ven. 6 déc. - sam. 7 déc.,2024-12-06T21:00:00+01:00,2024-12-07T21:00:00+01:00,"UN SPECTACLE TRÈS DROLE ET BOURRÉ D’ÉNERGIE !
 
Mahé s’installe pour nous raconter un parcours presque sansfautes. Il mélange habilement stand-up, sketchs et impro pournous raconter les obstacles rencontrés sur les bancs de l’école ouses premiers jobs : animateur de centre aéré, moniteur d’auto-école et même un stage d’observation dans un commissariat !
 
Attachant et bourré d’énergie, ce surprenant cavalier, eh oui,Mahé fait aussi de l’équitation, tisse immédiatement un lien avecson public avec lequel il partage des anecdotes surprenantes ettrès drôles de sa vie quotidienne.
 
Un spectacle Verone Productions.",Caustic Comedy Club,Caustic Comedy Club - Carouge,https://etickets.storage5.infomaniak.com/events/thumbnail/bd5fefdd-094f-4349-bb0b-71b6cf4efc0d.jpg?1732989881,https://infomaniak.events/fr-ch/humour-et-comedie/mahe-sinstalle/5bf5hatfbeMAFhz2MhOXxo1wp95d,Dernière chance
La mauvaise éducation de Sarah Lélé,ven. 6 déc. - sam. 7 déc.,2024-12-06T19:00:00+01:00,2024-12-07T19:00:00+01:00,"Avec la même ferveur qui lui a récemment permis d’obtenir son diplôme de Droit, à 21ans cette jeune humoriste bruxelloise nous livre un regard incisif et pétillant sur ses expériences de vie. Que ce soit le football ou la religion, en passant par sa famille originaire du Cameroun, Sarah Lélé allie humour, punchlines et réthorique pour un vrai moment d’hilarité! 
 
 Venez découvrir ""La Mauvaise Éducation"" de Sarah Lélé – là où le rire est une matière obligatoire !
 ",Caustic Comedy Club,Caustic Comedy Club - Carouge,https://etickets.storage5.infomaniak.com/events/thumbnail/cdf86eb2-7f00-4d94-a395-8f3dc0574229.jpg?1732989882,https://infomaniak.events/fr-ch/humour-et-comedie/la-mauvaise-education-de-sarah-lele/5gT2gm83g2s3tbDi0f3upF1Pxno0,Dernière chance
Concert de Noël du Gospel Connecté - Genève,sam. 14 déc.,2024-12-14T18:30:00+01:00,2024-12-14T18:30:00+01:00,"Un concert de Noël avec
- une Masschoir explosive (plus de 60 choristes),
- des solistes époustouflant.es.
- des musiciens en live
- la pétillante cheffe de choeur Roberthe aux commandes.
Des reprises célèbres comme : Stand up (Cynthia Erivo), Asimbonanga (Johnny Clegg), Modimo (Soweto choir)
Des chants de Noël revisités : Oh holy Night, O come all Ye faithful
Venez vibrer au son du Gospel et vivre un noël exceptionnel avec nous!",Uptown Geneva - Salle Broadway,Uptown Geneva - Salle Broadway - Genève,https://etickets.storage5.infomaniak.com/events/thumbnail/e3d90834-9ac5-4603-b005-e5fa67cd6fb4.jpg?1732817707,https://infomaniak.events/fr-ch/concerts/concert-de-noel-du-gospel-connecte-geneve/4pDasYMFT6o5cAGhmH6f3v1rBxNH,N/A
BLIND TEST,sam. 14 déc.,2024-12-14T21:00:00+01:00,2024-12-14T21:00:00+01:00,"Accessible dès 16 ans, accompagné d'une personne majeure.

BLIND TEST MUSICAL


Dans la célèbre salle de concert Chat Noir, venez-vous affronter en équipe lors d’un blind test géant qui mettra à jour vos connaissances en matière de chanson. Les titres à découvrir sont sélectionnés par le DJ parisien Mr. HOBBS, spécialiste du quizz musical et résident au Chat Noir.
",Chat Noir,Chat Noir - Carouge,https://etickets.storage5.infomaniak.com/events/thumbnail/6591a1c3-0270-4dec-a500-f0c558d475b9.jpg?1733232626,https://infomaniak.events/fr-ch/loisirs/blind-test/7UbP5djVG5K3tbDi0f3upF1tLZXG,N/A
Cindy Van Acker - Quiet Light,mer. 11 déc. - jeu. 19 déc.,2024-12-11T20:00:00+01:00,2024-12-19T20:00:00+01:00,"Cindy Van Acker est entrée dans Quiet Light avec le peintre flamand Léon Spilliaert : porosité des lignes, réalisme flouté, horizons vaporeux, encre de la nuit, apparences insolites. Stéphanie Bayle et Daniela Zaghini évoluent dans un espace vide où une solitude palpable est balayée par des lumières mouvantes.",Pavillon ADC,Pavillon ADC - Genève,https://etickets.storage5.infomaniak.com/events/thumbnail/613dc948-0342-40f9-824b-80d9763bc5c5.jpg?1733227224,https://infomaniak.events/fr-ch/danse/cindy-van-acker-quiet-light/9eRdRi4yFKE6dKWsyTcf0d217uaP,N/A
Concert de Noël,mer. 11 déc.,2024-12-11T20:00:00+01:00,2024-12-11T20:00:00+01:00,"Maîtrise du conservatoire populaire de Genève et Geneva Brass
Détails sous https://genevabrass.ch/les-rendez-vous/concert-de-noel/.",Temple de la Madeleine,Temple de la Madeleine - Genève,https://etickets.storage5.infomaniak.com/events/thumbnail/a1bcb1f9-ce8b-4e7b-8953-e9908b7c924f.jpg?1732212031,https://infomaniak.events/fr-ch/concerts/concert-de-noel/5gzAOOVe0N06dKWsyTcf0d1Oey8o,N/A
Prix Radu Lupu (1ère édition),mer. 11 déc.,2024-12-11T19:30:00+01:00,2024-12-11T19:30:00+01:00,"La Cité Bleue est honorée d’accueillir la première édition du Prix Radu Lupu, créé en hommage au légendaire pianiste roumain disparu en 2022. Ce prix, initié par la Fondation Radu Lupu, célèbre la mémoire d'un artiste reconnu pour son approche intime et méditative de compositeurs tels que Beethoven, Schubert et Brahms, dont la sensibilité unique et l’élégance musicale ont illuminé la scène mondiale.
La Fondation Radu Lupu a pour vocation de soutenir la créativité de jeunes talents, incarnant ainsi l’esprit généreux et inspirant du pianiste. Pour cette première édition, le Conseil de Fondation a décerné son prix au pianiste russe Vsevolod Zavidov, 19 ans, pour son impressionnante maturité musicale et sa technique exceptionnelle. Lauréat de prestigieux concours internationaux, Zavidov poursuit actuellement ses études à la Haute École de Musique de Genève sous la direction de Nelson Goerner. Ce récital marque une étape importante dans la carrière prometteuse de ce jeune artiste.
 
Durée
1 heure, sans entracte
 
Programme
Domenico Scarlatti (Naples, 1685 – Madrid, 1757)Sonate en ré mineur K213
Ludwig van Beethoven (Bonn, 1770 – Vienne, 1827)Sonate n. 26 en mi bémol majeur, op. 81a, “Les Adieux”
Frédéric Chopin (Żelazowa Wola, 1810 – Paris, 1849)Ballade n. 2 en fa majeur, op. 38
György Ligeti (Diciosânmartin, 1923 – Vienne, 2006)Étude n. 5, livre 1, “Arc-en-ciel”
Maurice Ravel (Ciboure, 1875 – Paris, 1937)Ondine de “Gaspard de la nuit”, M55
Igor Stravinsky (Oranienbaum, 1882 – New York, 1971)Trois mouvements de Petrouchka",La Cité Bleue,La Cité Bleue - Genève,https://etickets.storage5.infomaniak.com/events/thumbnail/9414dfd8-f067-48ff-8521-07a79da37667.jpg?1733232626,https://infomaniak.events/fr-ch/musique-classique/prix-radu-lupu-1ere-edition/6igzpQHNSxm6SbNZr33Q4f2DoaFc,N/A
"Quand je serai grande, je serai Patrick Swayze",mer. 11 déc. - dim. 15 déc.,2024-12-11T20:00:00+01:00,2024-12-15T18:00:00+01:00,"C’est l’histoire d’une femme au bord de la crise de la quarantaine, biberonnée aux bluettes et aux contes de fées. Une femme des années 2020, pas tout à fait libérée, qui sans le regard d’un homme, n’est même pas sûre d’exister.
Errante et sans dessein, la voilà perdue quelque part entre Simone de Beauvoir et John Travolta, entre Patrick Swayze et Agnès Varda. Entre Dirty Dancing et L’une chante l’autre pas. À la manière d’une Annie Ernaux qui aurait mangé Florence Foresti, Chloé rejoue ses amours réelles et imaginaires, avec beaucoup d’autodérision, le sens du tragique, une chanson en yaourt, et pas mal de danse lascive, dans un premier seule-en-scène à succès !Production Little BrosÉcriture et interprétation : Chloé OliveresMise en scène : PapyScénographie : Émilie RoyLumières : Arnaud Le DûCostumes : Sarah DupontChorégraphie : Laëtitia PréVoix off : Richard Darbois ",Théâtre le douze dix-huit,Théâtre le douze dix-huit - Le Grand-Saconnex,https://etickets.storage5.infomaniak.com/events/thumbnail/595b3e38-961d-43a1-b029-c971013e77cb.jpg?1732184104,https://infomaniak.events/fr-ch/theatre/quand-je-serai-grande-je-serai-patrick-swayze/8XPd42vKsTq3tbDi0f3upF0szbDb,N/A
Falta Lady,mer. 11 déc. - dim. 15 déc.,2024-12-11T19:00:00+01:00,2024-12-15T17:00:00+01:00,"Marilyn Monroe, Brigitte Bardot, Audrey Hepburn… trois grâces qui magnétisent à elles seules tous les fantasmes humains. Femmes* et hommes* les désirent et les envient. Mais personne ne détrône ces sublimes déesses du panthéon sex-appeal. Falta Lady n’est pas une célébration de l’idéal féminin dans le regard masculin. Le pari est de lui opposer un female gaze – un œil de biche noir et critique – qui invite le public à se glisser dans l’intimité d’une loge abstraite où le vernis s’écaille, où les masques se fendillent, où les perruques tombent du ciel et où les Reines de beauté effeuillent leur âme plus que leurs hanches. Si Dieu créa la femme, les femmes fatales créent ici un plateau hanté par trois madones kitsch qui cassent le mythe en inventant les contre-modèles d’une contre-culture féministe. En quête de l’ordinaire.",Maison Saint-Gervais,Maison Saint-Gervais - Genève,https://etickets.storage5.infomaniak.com/events/thumbnail/7c606b90-fa78-4e76-a503-7ac12fdd66e5.jpg?1732528826,https://infomaniak.events/fr-ch/theatre/falta-lady/97LJcA5CvmE6dKWsyTcf0d1a5JjW,N/A
Viktor Vincent,mar. 13 mai - mer. 14 mai 2025,2025-05-13T20:00:00+02:00,2025-05-14T20:00:00+02:00,"""Fantastik""
Durée: 1h20
Dès 10 ans
En partenariat avec le Service culturel Migros Genève",Salle communale d'Onex,Salle communale d'Onex,https://etickets.storage5.infomaniak.com/events/thumbnail/248d6bc0-2860-4465-9204-a2fd0c98d02d.jpg?1732089627,https://infomaniak.events/fr-ch/famille/viktor-vincent/5s4IYD1oLli3tbDi0f3upF2BQ8Ej,Bientôt complet
Soirée Starlette,jeu. 6 févr. 2025,2025-02-06T18:30:00+01:00,2025-02-06T18:30:00+01:00,"Starlette est une association sans but lucratif. Elle a été créée en 2014 pour soutenir financièrement des associations sportives et/ou des sportifs-ives suisses dans la réalisation de leurs objectifs. Starlette lève des fonds lors d’une fondue géante qu’elle organise, chaque année, à la salle communale de Plainpalais.
 
Chaque billet donne accès à une table pouvant accueillir 6 personnes maximum. Le menu est fixe et comprend : une assiette de charcuterie, une fondue, et meringues double crème. Le coût par table est de CHF 390.-, avec le thé et café offerts.",Salle communale de plainpalais,Salle communale de plainpalais - Genève,https://etickets.storage5.infomaniak.com/events/thumbnail/d02208cf-c819-4176-875f-10944debca30.jpg?1732193104,https://infomaniak.events/fr-ch/sport/soiree-starlette/61zCEe1A2vi8c5jhdut4911sGmmM,Bientôt complet
Charles Nouveau - L'expression de mes sentiments distingués,jeu. 6 févr. 2025,2025-02-06T20:00:00+01:00,2025-02-06T20:00:00+01:00,"Napoléon disait : c’est dans la défaite qu’on apprend. Et en 33 ans, Charles Nouveau a vraiment beaucoup appris. Ce show « espiègle et maîtrisé » (Télérama, j’imagine) nous parle notamment de travail, de guerre, de pornographie… En somme : des sujets qui jusqu’ici n’avaient jamais été exploités dans l’univers du spectacle vivant. Charles Nouveau les traverse, tout en se livrant, à travers l’expression de ses sentiments distingués. Une formulation bien pompeuse pour dire qu’en fait, il fait du stand up. Coup de bol, le stand up, c’est un des seuls trucs dans lesquels Charles Nouveau se débrouille dignement. Pire encore, parfois, il excelle (le soir où vous allez réserver, normalement, c’est un soir où il excelle).
Quand vous montez dans un avion ou entrez dans un bloc opératoire, vous mettez votre vie entre les mains d’une personne. Ici, on vous propose de mettre une heure et quart de votre vie entre les mains de Charles Nouveau. C’est comme un Paris-Stuttgart, ou une ablation des amygdales, mais en plus confortable. Et en plus drôle, promis.
En collaboration avec le Service culturel Migros Genève",Salle Point Favre,Salle Point Favre - Chêne-Bourg,https://etickets.storage5.infomaniak.com/events/thumbnail/2c1db64e-63aa-49ef-8d39-a1fb7f0f17a6.jpg?1732887903,https://infomaniak.events/fr-ch/culture-et-spectacles/charles-nouveau-lexpression-de-mes-sentiments-distingues/5xliG4tLYxe8c5jhdut4911XuISL,N/A
Cigares & Networking luxury Event,mer. 15 janv. 2025,2025-01-15T20:00:00+01:00,2025-01-15T20:00:00+01:00,"Networking de qualité, avec intervenants de renom et inspirants, dans un cadre convivial",Hotel Intercontinental Genève,Hotel Intercontinental Genève,https://etickets.storage5.infomaniak.com/events/thumbnail/ab64211b-381f-4093-9f23-c29b21a819b8.jpg?1733179511,https://infomaniak.events/fr-ch/conferences/cigares-networking-luxury-event/8menc4Ho0Ty6SbNZr33Q4f1wobf6,Bientôt complet
Catch Impro 2025,mer. 26 mars - dim. 30 mars 2025,2025-03-26T20:00:00+01:00,2025-03-30T18:00:00+02:00,"Venez profiter du meilleur de l’impro et laissez-vous emporter par l’imagination débordante de 8 comédiennes et comédiens qui s’affrontent dans des joutes verbales de haut vol !
À l’occasion de cette 22ème édition du Mondial de Catch Impro, les quatre équipes de Belgique, France, Québec et Suisse, sont à nouveau réunies sur scène dans le but de vous offrir du grand spectacle.
Et surtout n’oubliez pas : c’est à vous seul de décider qui remportera cette nouvelle édition...Mercredi Match de Gala avec Belgique, France, Québec et Suisse
Jeudi Suisse – Québec France – Belgique
Vendredi Suisse – France Québec - Belgique
Samedi Suisse – Belgique France - Québec
DimancheLA GRANDE FINALE",Casino théâtre,Casino théâtre - Genève ,https://etickets.storage5.infomaniak.com/events/thumbnail/dfdcfac7-48bb-4a49-a0ef-30d3d5ca341e.jpg?1731922256,https://infomaniak.events/fr-ch/humour-et-comedie/catch-impro-2025/6yWDYImxTn85cAGhmH6f3v293aJ9,N/A
Traviata : vous méritez un avenir meilleur,mar. 17 déc. - mer. 18 déc.,2024-12-17T19:30:00+01:00,2024-12-18T19:30:00+01:00,"Ceci n’est pas La traviata. Du moins, pas celle que vous connaissez. Durant deux heures d’une déchirante beauté, les spectateurs sont invités dans l’intimité de Violetta, parmi les convives d’une fête musicale insolite, qui mêle la musique immortelle de Verdi, La Dame aux Camélias d’Alexandre Dumas fils, mais aussi tout l’imaginaire du Paris spleenétique de Charles Baudelaire et de Théophile Gautier.
Dans ce microcosme où les comédiens se font tour à tour chanteurs, poètes et musiciens, la fougue luxuriante de Verdi est réduite à son essence même, pulsation viscérale sur laquelle se déclinent les multiples facettes de cette femme trop tôt disparue : Alphonsine Duplessis, dite Marie Duplessis, ou encore Violetta Valéry. Un spectacle à couper le souffle.
 
DISTRIBUTION
Benjamin Lazar, Florent Hubert & Judith Chemla, conception
Benjamin Lazar, mise en scène
Florent Hubert & Paul Escobar, arrangements et direction musicale
Avec Florent Baffi, Damien Bigourdan, Jérôme Billy, Renaud Charles, Elise Chauvin, Judith Chemla, Axelle Ciofolo, Myrtille Hetzel, Bruno Le Bris, Gabriel Levasseur, Sébastien Llado, Benjamin Locher & Marie Salvat
 ",La Cité Bleue,La Cité Bleue - Genève,https://etickets.storage5.infomaniak.com/events/thumbnail/dc479682-f4ec-495a-be83-9e780706b704.jpg?1732817701,https://infomaniak.events/fr-ch/theatre/traviata-vous-meritez-un-avenir-meilleur/AKzARJlVf5GA4KrcLqN7ol1uQQoZ,N/A
María de Buenos Aires,jeu. 6 mars - sam. 8 mars 2025,2025-03-06T19:30:00+01:00,2025-03-08T19:30:00+01:00,"Une des aspirations de Leonardo García Alarcón est de s’entourer d’artistes qui partagent son parcours musical et de réaliser leurs rêves artistiques. Quand le bandonéoniste William Sabatier lui a confié son désir de livrer son interprétation de María de Buenos Aires dans sa forme originale, il a répondu présent.
La Cité Bleue représente l’écrin idéal pour cette version de l’« operita » de Piazzolla dans son effectif originel, fruit d’un travail d’exégèse rigoureux et d’une collaboration avec des artistes à la hauteur de ses ambitions. Œuvre dense, lyrique, sensuelle, dramatique, poétique, surréaliste, cette María de Buenos Aires nous promet un voyage dans les tréfonds les plus authentiques de la capitale porteña à la fin des années 1960.
 
DISTRIBUTION
Sol García, María
Diego Valentín Flores, Gorrion
Sebastián Ross, Duende
 
William Sabatier, bandonéon et direction
Amélie Parias, mise en espace
Roger Hélou, piano
Diego Trosman, guitares
Mariana Jordan, flûte
Romain Lecuyer, contrebasse
Richard Hery, batterie et percussion
Attilio Terlizzi, percussion clavier
 
Quatuor Terpsycordes
 
Durée
1 heure
 
Une coproduction entre La Cité Bleue Genève et Negracha Productions
 
 ",La Cité Bleue,La Cité Bleue - Genève,https://etickets.storage5.infomaniak.com/events/thumbnail/ede22b54-8098-4e37-b08d-05c57e3ce931.jpg?1732826701,https://infomaniak.events/fr-ch/concerts/maria-de-buenos-aires/4TnQuSnqlpyAFhz2MhOXxo1r7npN,N/A
YOA + ELOI + PICHE + COLT + ASLO,ven. 21 mars 2025,2025-03-21T19:30:00+01:00,2025-03-21T19:30:00+01:00,"CONFIGURATION
- Ce concert est prévu debout
- Attention : le bâtiment comporte des salles de capacités différentes. Si vous désirez particulièrement assister à un concert, nous vous conseillons de vous rendre dans la salle à l'avance.
 
INFOS GÉNÉRALES
- Retrouver toutes les informations billetteries détaillées (détails justificatifs, tarifs, ...) sur notre page ICI",Salle Communale De Plainpalais,Salle Communale De Plainpalais - Genève,https://etickets.storage5.infomaniak.com/events/thumbnail/145a36a5-887c-45dc-aaff-5e16613f9f09.jpg?1733219108,https://infomaniak.events/fr-ch/concerts/yoa-eloi-piche-colt-aslo/6zGiGCj02ew79rwmVraOW11UTmeH,N/A
HIPPOCAMPE FOU + NELICK,ven. 21 mars 2025,2025-03-21T20:00:00+01:00,2025-03-21T20:00:00+01:00,"CONFIGURATION
- Ce concert est prévu debout, à l'exception de quelques places.
 
INFOS GÉNÉRALES
- Retrouver toutes les informations billetteries détaillées (détails justificatifs, tarifs, ...) sur notre page ICI",ALHAMBRA,ALHAMBRA - Genève,https://etickets.storage5.infomaniak.com/events/thumbnail/548ff907-c165-4f10-90b1-66936dc986a5.jpg?1732800632,https://infomaniak.events/fr-ch/concerts/hippocampe-fou-nelick/5rY925BhlWE6cs8Z0ijz9K1UQT3N,N/A
GRINGE,sam. 22 mars 2025,2025-03-22T20:30:00+01:00,2025-03-22T20:30:00+01:00,"CONFIGURATION
- Ce concert est prévu debout.
 
INFOS GÉNÉRALES
- Retrouver toutes les informations billetteries détaillées (détails justificatifs, tarifs, ...) sur notre page ICI",LE REZ,LE REZ - Genève,https://etickets.storage5.infomaniak.com/events/thumbnail/6f91cabd-b440-4b42-ace6-519449176efb.jpg?1733218226,https://infomaniak.events/fr-ch/concerts/gringe/7PsprxjMWY679rwmVraOW11VRjBT,N/A
Juliette & Roméo,jeu. 20 févr. 2025,2025-02-20T19:30:00+01:00,2025-02-20T19:30:00+01:00,"Deux ensembles genevois, qui ne cessent de se croiser sur les scènes d’ici et d’ailleurs sans jamais collaborer, mettent enfin sur pied un projet commun !
C’est tout naturellement qu’ils ont commandé une transcription de l’œuvre de Prokofiev, riche de cordes poignantes et de grandes parties de cuivres, pour sceller leur collaboration.
Juliette (interprétée par Terpsycordes) et Roméo (interprété par le Geneva Brass) montreront que cette rencontre insolite entre cuivres et cordes peut être intense et belle, à l’image de cet amour impossible décrit par Shakespeare.
 
PROGRAMME
Sergueï Prokofiev (1891-1953)
Roméo et Juliette, op. 64 (extraits), arr. de Baptiste Berlaud
 
Leoš Janáček (1854-1928)
String Quartet n. 1 “Kreutzer Sonata”
 
Leonard Bernstein (1918-1990)
West Side Story (extraits), arr. de Jack Gale
 
DISTRIBUTION
Geneva Brass
Quatuor Terpsycordes
 
Accueil en coréalisation avec le Geneva Brass et le Quatuor Terpsycordes
 
 ",La Cité Bleue,La Cité Bleue - Genève,https://etickets.storage5.infomaniak.com/events/thumbnail/d8e966fb-8e0b-4d23-84d9-80e496e7fe80.jpg?1732817702,https://infomaniak.events/fr-ch/concerts/juliette-romeo/7PErjlh8w0A6dKWsyTcf0d1r3eZd,N/A
"Le Cabaret de Clara Morgane ""Au 7ème""",jeu. 20 févr. 2025,2025-02-20T20:00:00+01:00,2025-02-20T20:00:00+01:00,"LE CABARET DE CLARA MORGANE
« Au 7éme »
 
Pour son tout nouveau spectacle Clara Morgane vous fait voyager au pays du scandale.
Entre folles performances, danse, acrobaties, effeuillages burlesque et humour, Clara s'entoure de femmes sublimes et surprenantes !
Embarquez pour un voyage sulfureux retraçant l’histoire du genre féminin.
Sur scène, 7 femmes artistes, 7 chansons pour 7 tableaux audacieux qui donnent vie aux chansons que Clara chante en live !
Préparez-vous à être surpris délicieusement...",BFM (Bâtiment des Forces Motrices),BFM (Bâtiment des Forces Motrices) - Genève,https://etickets.storage5.infomaniak.com/events/thumbnail/156e40af-4a0a-441c-ae2e-6cfdfd65f92b.jpg?1732989915,https://infomaniak.events/fr-ch/theatre/le-cabaret-de-clara-morgane-au-7eme/7a2xja6HjlK8c5jhdut4911C9X2X,Caustic Prod
"Lou Trotignon ""Mérou""",jeu. 20 févr. 2025,2025-02-20T20:30:00+01:00,2025-02-20T20:30:00+01:00,"Puisque le Mérou change de genre, alors pourquoi pas Lou ?
 
A sa naissance, sa famille et les médecins ont décrété que Lou serait une femme, et Lou n'est pas d'accord avec ça. Lou raconte avec humour son histoire personnelle de transition : De la prise de testostérone, en passant par le strip-tease jusqu'à la découverte du monde Queer.
 
Lou fait ainsi écho à des questions que l'on se pose toustes: sommes-nous obligé.e.s d'être ce qu'on nous a dit d'être?Peut-on ré-inventer son corps, son rapport à l'amour?Serait-il possible alors de ré-écrire Sa propre histoire?
",Théâtre les Salons,Théâtre les Salons - Genève,https://etickets.storage5.infomaniak.com/events/thumbnail/a1af0400-2d1c-44e3-9a6d-c8c9269bd7cc.jpg?1732989914,https://infomaniak.events/fr-ch/humour-et-comedie/lou-trotignon-merou/9jyWRFD7dg23tbDi0f3upF1K3I0M,Bientôt complet
"Fanny Ruwet ""On disait qu'on faisait la fête""",sam. 15 févr. 2025,2025-02-15T20:30:00+01:00,2025-02-15T20:30:00+01:00,"Caustic Prod en accord avec AGAPÈ, présente:
FANNY RUWET
Après un premier show, un roman, un court-métrage, plusieurs podcasts (Les Gens Qui Doutent) et quatre ans de chroniques sur France Inter, Fanny Ruwet revient avec son nouveau spectacle « on disait qu’on faisait la fête ».
 ",Casino Théâtre,Casino Théâtre - Genève,https://etickets.storage5.infomaniak.com/events/thumbnail/4eefe7cf-c47b-4704-a596-05784bee51e1.jpg?1732989913,https://infomaniak.events/fr-ch/humour-et-comedie/fanny-ruwet-on-disait-quon-faisait-la-fete/8rxMaoYDYocA4KrcLqN7ol1XsPpt,Caustic Prod
Illusions by Gianfranco,sam. 8 févr. - dim. 9 févr. 2025,2025-02-08T20:30:00+01:00,2025-02-09T14:30:00+01:00,"Bienvenue dans un monde d’ILLUSIONS! Envie de rêver, d’être émerveillé ? Vous avez frappé à la bonne porte, car c’est le défi que s’est lancé Gianfranco ! Il vous propose une magie jeune, dynamique et explosive !
Dans l’air du temps, ce spectacle unique en Suisse Romande dans lequel s’enchaînent humour, magie, poésie, chorégraphie et illusions avec justement ces « Grandes illusions » hautement visuelles, vous emportera aux frontières du réel dans un monde extraordinaire !
Mise en Scène, jeux de lumières, chorégraphies et illusions, dans ce show à ne pas manquer, Gianfranco vous emmènera dans son univers unique et original, rempli de rêve.
Un moment qui restera inoubliable!
 
Spectacle de 90 minutes + Entracte.
Âge conseillé : dès 6 ans
Disposition de salle avec gradins, bonne visibilité partout. ",Centre communal de Genthod,Centre communal de Genthod,https://etickets.storage5.infomaniak.com/events/thumbnail/0b80e108-feeb-4285-943b-03f81945aa3a.jpg?1732798826,https://infomaniak.events/fr-ch/theatre/illusions-by-gianfranco/6sqPfP2nzL0AFhz2MhOXxo1PlAYF,N/A
Qui veut la peau du magicien ?,dim. 9 févr. 2025,2025-02-09T16:00:00+01:00,2025-02-09T16:00:00+01:00,"Récrés-spectacles durée 1h20
Dès 6 ans
En partenariat avec le Service culturel Migros Genève",Salle communale d'Onex,Salle communale d'Onex,https://etickets.storage5.infomaniak.com/events/thumbnail/001b229b-a3bb-441d-9c7c-a521ee3ca951.jpg?1728654304,https://infomaniak.events/fr-ch/famille/qui-veut-la-peau-du-magicien/8LxPmGi2kUM6dKWsyTcf0d2AQHxR,N/A
Happy hour ! Deux humoristes pour le prix d'un.,mer. 13 nov. 2024 - jeu. 30 janv. 2025,2024-11-13T20:00:00+01:00,2025-01-30T20:00:00+01:00,"Deux humoristes pour le prix d'un !
Venez découvrir les univers en expansion d'Antoine et de Jean-Marc, deux humoristes romands dont la notoriété est proportionnelle au prix du billet.
 
Un journaliste et un physicien réunis pour une soirée placée sous le signe de ""On va bien s'marrer"".
 
Antoine et Jean-Marc pratiquent régulièrement l'humour sur scène (stand-up), à la radio (chroniques) et parfois même au travail.
 
Bonus de la soirée : la lumineuse Beatriz nous fera l'honneur de faire la première partie du spectacle.",Floky la loutre,Floky la loutre - Genève,https://etickets.storage5.infomaniak.com/events/thumbnail/2a2a28bb-6d3f-442b-b4d9-2dbac20559dd.jpg?1728679500,https://infomaniak.events/fr-ch/humour-et-comedie/happy-hour-deux-humoristes-pour-le-prix-dun/8xQLEyshn3yA4KrcLqN7ol0zp67o,N/A
L'amante anglaise,jeu. 30 janv. - dim. 2 févr. 2025,2025-01-30T19:00:00+01:00,2025-02-02T17:00:00+01:00,"Un soir, Amélie Rabilloud fracasse le crâne de son mari avec un marteau. Elle démembre le cadavre et en jette chaque nuit un morceau du haut d’un viaduc dans des trains de marchandise. Marguerite Duras s’inspire de ce fait divers pour écrire L’Amante anglaise. Sous sa plume, la fiction tord le réel. Chez Duras, Claire Lannes assassine la cousine sourde et muette qui vit avec elle et son mari. Le couple englué dans un quotidien austère se flétrit de manière irréversible. Entre les quatre murs d’une maison trop propre, la présence sourde de l’autre devient insupportable et interroge la possibilité de meurtre en nous. Qui n’a jamais tué en pensée? Pourquoi Claire Lannes assassine-t-elle sa cousine plutôt que son mari encombrant? Un interrogateur tente de comprendre ce crime surprenant de brutalité. De sa confrontation, avec la suspecte naît une parole elliptique qui agit avec une précision presque clinique. Servie par une distribution exceptionnelle réunissant Nicolas Bouchaud, Laurent Poitreneaux et Dominique Reymond, la mise en scène d’Émilie Charriot saute dans le vide, laissant le champ libre à la sauvagerie, au mystère et à l’intime.",Maison Saint-Gervais,Maison Saint-Gervais - Genève,https://etickets.storage5.infomaniak.com/events/thumbnail/3a57064a-130e-4d72-8cd1-0849be84c6b8.jpg?1732978830,https://infomaniak.events/fr-ch/theatre/lamante-anglaise/7gGYps4BhNS3tbDi0f3upF1Zsdh5,N/A
L'escamotage de Madame Irma,mer. 12 févr. - jeu. 13 févr. 2025,2025-02-12T20:00:00+01:00,2025-02-13T20:00:00+01:00,"Spectacle en création
Durée: 1h30
Dès 12 ans",Salle communale d'Onex,Salle communale d'Onex,https://etickets.storage5.infomaniak.com/events/thumbnail/d1cc37ef-c514-4908-9cd7-640170a0c13e.jpg?1732201226,https://infomaniak.events/fr-ch/theatre/lescamotage-de-madame-irma/5wujAQHDFVS6dKWsyTcf0d2AQDJF,Bientôt complet
"Job, le procès de Dieu",mar. 10 juin - sam. 14 juin 2025,2025-06-10T19:30:00+02:00,2025-06-14T19:30:00+02:00,"Un homme assis dans un tas de cendres, frappé de malheurs et de souffrances indicibles, dont il ne comprend ni la raison, ni le dessein. La succession des épreuves. L’arbitraire. Le désarroi face à la souffrance. L’impossible compassion. L’incapacité de ses amis à le consoler. Sans cesse réactivée par l’actualité, l’idée de la souffrance injuste trouve dans le Livre de Job le lieu par excellence de son déploiement. Partant de ce point d’ancrage, Michel Petrossian écrit et compose un drame musical où dialoguent trois univers – l’héritage baroque, la musique traditionnelle et la musique contemporaine – comme une chambre d’écho pour d’autres drames qui agitent le monde, ou secouent des existences personnelles.
 
 
DISTRIBUTION
Michel Petrossian, composition et livret
Anaïs de Courson, mise en scène et livret
Léo Margue, direction musicale
 
Ensemble Contrechamps
Chœur de chambre de Namur
Cappella Mediterranea
Feras Charestan, qanoun
 
 
Durée
1 heure 20 minutes, sans entracte
 
Coproduction La Cité Bleue Genève, Ensemble Contrechamps, Chœur de chambre de Namur, Cappella Mediterranea et Programme Musical de l’Aga Khan (AKMP).
 
 ",La Cité Bleue,La Cité Bleue - Genève,https://etickets.storage5.infomaniak.com/events/thumbnail/87d68264-0f16-433b-aa8b-eabfedab5ce7.jpg?1729605624,https://infomaniak.events/fr-ch/musique-classique/job-le-proces-de-dieu/7fW2XtMYqywAFhz2MhOXxo1sAAHY,N/A
Click'n Drums // Le Rêve Bleu de Noël,dim. 22 déc.,2024-12-22T14:00:00+01:00,2024-12-22T14:00:00+01:00,"Et si vous fêtiez Noël dès le 22 décembre ?
Profitez d’une journée féérique et de Click’n Drums, un spectacle jubilatoire de percussions avec le Quatuor Beat, accompagné d’un gouter de Noël avant (ou après) le spectacle, le tout dans une Cité Bleue spécialement décorée pour l’occasion avec une installation immersive de Marie Maillard, vidéaste de renommée internationale : c’est le Rêve Bleu de Noël !
Magie de Noël garantie à vivre en famille de 3 à 99 ans !Le gouter de Noël commencera à 15h30, c’est à dire entre le 2 représentations de 14h et de 17h du spectacle Click’n Drums. Les bénéfices du gouter seront reversés aux initiatives pédagogiques de La Cité Bleue : ces programmes permettent aux plus jeunes de découvrir les joies des arts de la scène avec des rencontres artistiques, des spectacles participatifs, des répétitions ouvertes, et notamment La Récré Bleue, garderie créative conçue pour les plus jeunes, pendant que les grands profitent du spectacle. Votre soutien permettra ainsi à des enfants de faire leurs premiers pas dans une salle de spectacle.
Le Quatuor Beat est un groupe de percussionnistes de renom qui parcourt l’Europe. Avec humour et créativité, ils réinventent les chefs-d’oeuvre de Bach et Tchaïkovski dans un tourbillon de rythmes effrénés, poétiques et malicieux. Ce spectacle de percussions Click’n Drums promet donc d’être un moment jubilatoire à partager et à savourer, avec une rythmique musicale tour à tour entraînante, rêveuse ou cocasse. À l’aide d’accessoires multiples et de lumières synchronisées, le Quatuor Beat nous raconte en Click’n Drums une histoire sans paroles sur quatre étranges voyageurs. Qui sont-ils ? D’où viennent-ils ? Mystère... Pieds, mains, coudes, et bien sûr baguettes, ça claque, tape, et clappe à tout va !
Pour couronner le tout, la vidéaste renommée Marie Maillard transformera La Cité Bleue en un véritable écrin enchanteur. Habituée des plus grands musées comme le Metropolitan Museum of Art de New York ou le musée d’Art moderne de Paris, elle signera une installation immersive qui enveloppera chaque visiteur dans une ambiance magique.
Alors, revêtez vos plus belles tenues de fête et venez vivre une journée inoubliable sous le signe de la féérie de Noël !
_______________
Forfait famille à 100 CHF : places pour 2 adultes et 2 enfants de moins de 18 ans
Don libre à partir de 25 CHF au profit des actions pédagogiques dédiées au jeune public
 
DISTRIBUTION
Quatuor Beat, direction musicale, percussions et jeu
Pierre-Jean Carrus, mise en scène
Hélène Gustin, mise en scène, jeu théâtral et mouvements
 
Coproduction Philharmonie luxembourgeoise et Quatuor Beats
Remerciements à Bergerault, Sabian, Ville de Clichy, Les Trétaux de France et Luxembourg Philharmonie.
 
 ",La Cité Bleue,La Cité Bleue - Genève,https://etickets.storage5.infomaniak.com/events/thumbnail/3cfecbd7-f5c5-408b-ae21-64a4746892fd.jpg?1733148024,https://infomaniak.events/fr-ch/theatre/clickn-drums-le-reve-bleu-de-noel/4fjPThmMkK23tbDi0f3upF1qylHl,N/A
Recluses Fest Working Class Heroes : PERKELE + GOBLINI + LES LUPOÏ,sam. 1 févr. 2025,2025-02-01T19:00:00+01:00,2025-02-01T19:00:00+01:00,"RECLUSES FEST « THE WORKING CLASS HEROES »
Date unique en Suisse !
Le Recluses Fest / Naska Prod présente cette soirée unique et internationale à Genève, avec PERKELE qui nous vient tout de droit de Göteborg en Suède et qui nous offre pour la première fois la chance de traverser nos frontières avec une exclusivité Suisse en bref une date unique ! Il en est de même pour GOBLINI qui eux se jetteront dans un avion en provenance de Serbie pour un simple aller-retour et une première en Suisse.
L’ouverture de cette soirée sera envoyée par LES LUPOï et se déroulera une fois encore dans la mythique salle de :
L’Alhambra à Genève, Rue de la Rôtisserie 10, 1204 Genève
 En tête d’affiche et en exclusivité Suisse et pour la première fois à Genève, avons-nous besoin de présenter PERKELE ?
Perkele a débuté en 1993 en tant que groupe de punk rock, depuis leur début ils sont influencé par différent styles de punk rock, de heavy metal, de musique folk et de musique progressive.
À la fin des années 90, Perkele a sorti son premier album et a depuis sorti des albums remplis de succès, ce qui a également amené le groupe à l'étranger.
Jusqu'à présent, ils ont tourné aux États-Unis, au Canada et en Europe avec un grand succès, et nous offrent la chance de venir et de se produire en exclusivité pour nous, pour vous.
Avec les mélodies, les paroles positives, l'amour et l'énergie, Perkele crée l'atmosphère la plus fantastique en direct avec le public. C’est quelque chose qu’il faut expérimenter. Donc si tu attendais une opportunité pour enfin les voir ce moment est arrivé !
PERKELE Heart Full Of Pride (official video)
https://youtu.be/_6cXLTCwxPw?si=S1vSfaUcUqzbxwPX
 
GOBLINI, En exclusivité Suisse et pour la première fois à Genève le groupe punk rock de référence en Serbie, actif depuis début 1990, a très rapidement su se faire une place en or, au cours de leur carrière, ils ont donné plus de 350 concerts et ont été dans les années 90 l'un des groupes de punk rock les plus importants de la région avec des chanson tel que ""Aanja, Volim Te"" ou encore l’hyme ""Ima Nas"" on comprend vite que ils ne sont pas là pour rigoler.
Goblini a donné un dernier concert le 7 juin 2001 à Zagreb.
Après presque une décennie d'interruption, Goblini a repris la route de la scène et des studios à la fin du printemps 2010.
Cet été-là, le groupe sort le CD single ""Crno na belo"" avec des morceaux comme «Luna"" et ""Kao da..."" (produit conjointement par le SKC Novi Sad et le festival d'été Šabac). La sortie du single est accompagnée d'un clip pour la chanson ""Luna"", ainsi que d'un film documentaire sur le groupe produit par RTV.
Goblini a donné un énorme concert promotionnel le 8 mars au Palais des Sports de la Nouvelle Belgrade, devant plus de 4 000 fans.
GOBLINI Ima Nas
https://youtu.be/65rAi_2x3ts?si=Du5ALtGWjLKPzjXZ
 
LES LUPOÏ, ouvrirons les festivités de cette soirée avec un nouveau line up.
Lupoï ! plus streetpunk que jamais, influence ska, en passant par le hardcore pour finir sur la Oï ! Le groupe a su évoluer musicalement au fur et à mesure des années, avec un son plus puissant, plus percutant ! Composé de Seb et Guinness, formation initiale, rejoint par la suite par Guillaume à la guitare et Denis à la basse. 
 
Le groupe existe depuis 2007, 2 albums à son actif, quelques titres sur des compiles ainsi que quelques clips vidéo. Leur dernier album, A.C.H, dispo chez quelques bons disquaires ainsi que sur la boutique en ligne de Tapage Rock, a été entièrement enregistré au studio Tapage à Epervans en 2023. 
LES LUPOÏ Aujourd’hui comme hier
https://youtu.be/zPlxU8m6ViU?si=8777XeogzTbC0G3H
 
INFOS PRATIQUES :
 
Portes : 18h15 
Prélocs : 28.-/ sur place 32.-
-De 12 ans accompagnés :gratuit
Billetterie : https://www.reclusesfest.ch/
 Parking Saint-Antoine, 1.- pour 4h, 2.- pour 8h, le soir dès 19h et le weekend.  Tram 14 arrêt Bel-Air et 5 minutes à pied.
Ouverture des portes 18h15 début des concert 19h.
Attention réservations conseillées. Pas de relou, de signes, ni de comportement fascistes ou sexistes.",Alhambra Genève,Alhambra Genève,https://etickets.storage5.infomaniak.com/events/thumbnail/cd82ac16-2a41-4af8-ac0a-13f2e60b98f5.jpg?1731969900,https://infomaniak.events/fr-ch/concerts/recluses-fest-working-class-heroes-perkele-goblini-les-lupoi/9uSLvNt53Ks3tbDi0f3upF2EkOyX,N/A
LE GRAND JEU - 20 ANS,sam. 11 janv. 2025,2025-01-11T20:00:00+01:00,2025-01-11T20:00:00+01:00," Pour fêter cet anniversaire comme il se doit nous n'aurons pas moins de 12 comédien·nes sur scène pour une Grand Jeu exceptionnel !!!
12 comédien·nes, une douzaine d’impros et des défis à en perdre la tête.
Le concept est simple: le public donne des thèmes, nos comédien·nes tentent de les traiter tour à tour, puis le maître du jeu tranche, de manière intransigeante, selon ses critères – parfois douteux – et bien souvent selon son humeur.
Le suspens est insoutenable car tout peut basculer jusqu’à la dernière minute. C’est injuste mais on se délecte !
De la singularité toujours, de la folie certainement, du talent évidemment !
 ",Casino théâtre,Casino théâtre - Genève ,https://etickets.storage5.infomaniak.com/events/thumbnail/6f0a0865-0130-4a61-a2a9-90d4a8e33586.jpg?1731922256,https://infomaniak.events/fr-ch/humour-et-comedie/le-grand-jeu-20-ans/7kjbXsfgCeY5cAGhmH6f3v1eh4PZ,N/A
"Camille Giry ""Moyenne""",ven. 20 déc. - sam. 21 déc.,2024-12-20T19:00:00+01:00,2024-12-21T19:00:00+01:00,"Un jour, être féministe ce sera la norme. En attendant, on fait des spectacles.
 
En parallèle de son duo Camille & Justine, qui cartonne sur les réseaux sociaux, Camille se lance en solo, dans un one woman show qui compte bien vous donner envie de dégommer le patriarcat, entre deux éclats de rire.",Caustic Comedy Club,Caustic Comedy Club - Carouge,https://etickets.storage5.infomaniak.com/events/thumbnail/64c0248e-c669-4d02-b324-6027359492a3.jpg?1732989881,https://infomaniak.events/fr-ch/humour-et-comedie/camille-giry-moyenne/9OcUlwKtGKY6dKWsyTcf0d1C7cE8,Bientôt complet
Calpini Truffaz Agabekov | Festival Immersif,ven. 13 déc.,2024-12-13T20:30:00+01:00,2024-12-13T20:30:00+01:00,"Les jeudi 12 et vendredi 13 décembre 2024, le tout jeune Centre des Musiques Actuelles de Genève organise son FESTIVAL IMMERSIF, un événement unique qui se tiendra dansl’Auditorium Ansermet, en plein cœur de la ville. Depuis un peu plus d’un an, le Centre met ses infrastructures modernisées et ses équipements technologiques de pointe au service de performances qui allient créativité musicale et innovations techniques. Le mythique studio Ansermet, lieu d’enregistrements prestigieux, est désormais une imposante salle de concert pouvant accueillir 300 spectateurs. Paré de panneaux absorbants pivotants, qui lui permettent d’accueillir les musiques tant acoustiques qu’amplifiées, et d’un système de sonorisation immersive composé de 64 enceintes réparties tout autour du public, le nouvel Auditorium Ansermet est l’écrin sonore idéal pour deux concerts mémorables à ne manquer sous aucun prétexte !
 
Le vendredi 13 décembre, la soirée sera dédiée à une performance collaborative inédite entre Christophe Calpini, Erik Truffaz et Ladislav Agabekov, spécialement conçue pour l'Auditorium Ansermet. Cette rencontre entre le batteur, le trompettiste et l’ingénieur du son donne naissance à un projet hybride captivant, alliant jazz, électroacoustique et musique amplifiée. 
Christophe Calpini, figure pionnière de la musique électronique, déploie une palette de sons hypnotiques, mêlant textures et rythmes, pour créer un paysage sonore magnétique. Erik Truffaz, éminent trompettiste de jazz, tisse sur cette toile de sublimes et envoûtantes improvisations. Matières électroniques et acoustiques se rejoignent dans une symbiose délectable. L'immersion sera totale grâce au système D&B Soundscape et à l'expertise de l'ingénieur du son Ladislav Agabekov, qui apporte sa contribution technique et artistique au projet. Chaque note, chaque souffle, chaque vibration enveloppera le public, le plaçant au cœur de la création.
Assis en cercle autour des artistes, le public sera immergé dans le son : une plongée sensorielle inédite fusionnant improvisation et électronique, sublimée par la magie de la Salle Ansermet.
Christophe Calpini ｜drum pads, samplesErik Truffaz ｜ trompette, effetsLad Agabekov｜création sonore",Auditorium Ansermet,Auditorium Ansermet - Genève,https://etickets.storage5.infomaniak.com/events/thumbnail/387d5574-65ab-4873-85ce-4b363d264b91.jpg?1732624228,https://infomaniak.events/fr-ch/concerts/calpini-truffaz-agabekov-festival-immersif/9jLsAHK3njG3tbDi0f3upF1XikSc,N/A
"Karim Duval ""Entropie""",ven. 14 févr. 2025,2025-02-14T20:30:00+01:00,2025-02-14T20:30:00+01:00,"Caustic Prod en accord avec Encore un Tour, présente:
KARIM DUVAL
 

« Vous avez dit “Entropie” ?
L’entropie, c’est une mesure du désordre, de l’agitation, de l’énergie que l’on dissipe, tous les jours, naturellement… ou volontairement, en s’énervant au volant d’une voiture, en passant des heures sur nos écrans, en s’extasiant béatement sur des objets, des sports, des plats (pardon : des expériences !) toujours plus innovants ; en courant après le temps pour une vie optimale… C’est un fait : on crée de l’entropie. Et vu de l’extérieur, ça donne envie d’en faire un truc drôle !
Après le succès de “Y”, Karim Duval affirme ici ce style qui a trouvé son public, privilégiant toujours le fond : écologie, éducation, travail, intelligence artificielle, technologie… Tout y passe, à travers une écriture ciselée ponctuée de personnages, des plus lisses aux plus fous : ce spectacle changera votre vision du pop corn. Et des huîtres. Et de la tisane. » 

 ",Casino Théâtre,Casino Théâtre - Genève,https://etickets.storage5.infomaniak.com/events/thumbnail/e43a6649-01a3-432f-af68-9ea92a8dd8e9.jpg?1732989914,https://infomaniak.events/fr-ch/humour-et-comedie/karim-duval-entropie/8bg4e2yG3Xu6dKWsyTcf0d1xqgFl,N/A
Dans ton intérieur,mer. 22 janv. - sam. 25 janv. 2025,2025-01-22T19:00:00+01:00,2025-01-25T20:30:00+01:00,"Dans la continuité de sa précédente pièce Le Souper (accueillie en 2021), Julia Perazzini part en quête d’un autre membre fantôme de sa famille: son grand-père italien dont elle porte le nom et qu’elle n’a jamais connu. S’ouvre alors un troublant voyage en dialogue avec les personnes rencontrées durant cette enquête et les disparu·es à qui elle redonne vie. 
Un jour, la grand-mère de Julia Perazzini décide de couper les liens avec son mari sans explication apparente. Comme si elle le faisait disparaître. À moins que ce ne soit l’inverse… Les souvenirs, les traces et les secrets que cette aïeule a laissés derrière elle après son décès accompagnent l’artiste dans sa recherche. Celle-ci décide alors de se mettre dans la peau de ses grands-parents et engage une investigation protéiforme, avec détective privé et séances d’hypnose. Explorant avec ingéniosité différents types d’existences, elle tisse une toile d’araignée pour peu à peu, donner corps à son propre nom. ",Maison Saint-Gervais,Maison Saint-Gervais - Genève,https://etickets.storage5.infomaniak.com/events/thumbnail/0b3c9737-54f9-4c06-956e-b02d26ed88de.jpg?1732978830,https://infomaniak.events/fr-ch/theatre/dans-ton-interieur/5s2pL67S3m65cAGhmH6f3v1ZtUda,N/A
GASPARD SOMMER + MARZELLA + SAM SAUVAGE + ÉMILE BOURGAULT,jeu. 20 mars 2025,2025-03-20T19:00:00+01:00,2025-03-20T19:00:00+01:00,"CONFIGURATION
- Ce concert est prévu debout, à l'exception de quelques places
- Concert accessible dès 16 ans, accompagné d'une personne majeure.
INFOS GÉNÉRALES
- Retrouver toutes les informations billetteries détaillées (détails justificatifs, tarifs, ...) sur notre page ICI",Chat Noir,Chat Noir - Carouge,https://etickets.storage5.infomaniak.com/events/thumbnail/b85d9927-eda5-4837-80b9-ca6d1ce7840b.jpg?1733219108,https://infomaniak.events/fr-ch/concerts/gaspard-sommer-marzella-sam-sauvage-emile-bourgault/4PJ1gFNTqmg9YgS9hByBov1ULWaM,N/A
Alex Vizorek,jeu. 9 janv. 2025,2025-01-09T20:00:00+01:00,2025-01-09T20:00:00+01:00,"Alex Vizorek « AD VITAM » 
Bruxellois d’origine, il est révélé en 2010 par le Festival du Rire de Montreux avec son premier spectacle « Alex Vizorek est une œuvre d’art » et remporte de nombreux prix et distinctions.
Avec ce nouveau spectacle « AD VITAM » , il nous propose d’explorer le sujet de… la mort ! Partant du postulat que ça peut concerner pas mal de gens. Il s'appuie sur la philosophie, la biologie, la culture et sans oublier l’orgasme, appelé aussi la petite mort…
Mais avant tout, Alex Vizorek nous offre un spectacle sur la VIE, avec l’humour profondément drôle et intelligent qui le caractérise et la promesse d’un spectacle dont on ressort grandi !",Casino Théâtre,Casino Théâtre - Genève,https://etickets.storage5.infomaniak.com/events/thumbnail/ff96e2f6-17f1-472d-84db-cddbbd4d9621.jpg?1731921987,https://infomaniak.events/fr-ch/humour-et-comedie/alex-vizorek/8X6Fxa2uKmo8c5jhdut4910uAQaK,N/A
Fitness,jeu. 9 janv. - dim. 19 janv. 2025,2025-01-09T19:00:00+01:00,2025-01-19T17:00:00+01:00,"Jamais la course au dépassement de soi n’a autant obsédé. Le virus nous a coupé les jambes en même temps que le souffle, nous contraignant au cocooning mondialisé. Après l’inertie générale, une irrépressible envie de courir au fitness a transformé le squatt de canapé en squats endiablés. Travail, santé, performances sportives, amours et amitiés, toute réussite semble dépendre de notre capacité personnelle à nous motiver. Paradoxe humain, quand tu nous tiens…. Au sein de ce microcosme germent des mouvements de masse, work out et chorégraphies collectives qui nous agitent à l’unisson. Fitness propose un step de côté, qui suffit à faire se percuter deux univers bien distincts : la salle de sport et la salle de spectacle. Entre culte du corps et culture, vestiaire et loges, les langues de trois personnages confidents se délient alors que les corps se démènent. Un spectacle tonifiant pour réfléchir notre époque sans fléchir.",Maison Saint-Gervais,Maison Saint-Gervais - Genève,https://etickets.storage5.infomaniak.com/events/thumbnail/a4425ec9-8050-4d62-8150-7f255e10c31c.jpg?1733160625,https://infomaniak.events/fr-ch/theatre/fitness/APFUTiin1Pu8c5jhdut4911a83pK,N/A
"Adel Fugazi ""Pause""",sam. 8 mars 2025,2025-03-08T20:30:00+01:00,2025-03-08T20:30:00+01:00,"Dans ce spectacle mêlant absurde et originalité, Adel vous offre une pause. Une pause à tout ce brouhaha extérieur.
 
En abordant des sujets légers et universels. Il nous apporte un point de vue nouveau, un peu à contre courant de la tendance actuelle. Et ça fait du bien !Cette année, après avoir fait ses preuves au Festival de Montreux, il intègre la Troupe du Jamel Comedy Club et sort grand gagnant du Festival d'Humour de Paris !Adel est prêt à vous accueillir dans son univers. Mais vous, êtes vous prêt à y entrer ? ",Théâtre les Salons,Théâtre les Salons - Genève,https://etickets.storage5.infomaniak.com/events/thumbnail/0cf45717-39a7-465a-ab95-cb352cb22373.jpg?1732989915,https://infomaniak.events/fr-ch/humour-et-comedie/adel-fugazi-pause/7FCH0CQIxHe5cAGhmH6f3v1bFLsP,Caustic Prod
"TREMPLIN LA LENTILLE (LOU MEY, ALBERT CHINET, FLOREM., JIODY, LOUV, MARIUS MICOL)",dim. 23 mars 2025,2025-03-23T14:00:00+01:00,2025-03-23T14:00:00+01:00,"CONFIGURATION
- Ce concert est prévu debout.
 
INFOS GÉNÉRALES
- Retrouver toutes les informations billetteries détaillées (détails justificatifs, tarifs, ...) sur notre page ICI",CENTRE DES MUSIQUES ACTUELLES - LE CHAUDRON,CENTRE DES MUSIQUES ACTUELLES - LE CHAUDRON - Genève,https://etickets.storage5.infomaniak.com/events/thumbnail/67f4def8-5b5b-4822-8f7e-e248c7d19ed7.jpg?1732821308,https://infomaniak.events/fr-ch/concerts/tremplin-la-lentille-lou-mey-albert-chinet-florem-jiody-louv-marius-micol/92LyiqOwwsM6d3vUdy2qqt1VPBcI,N/A
"Swann Périssé ""Calme""",sam. 24 mai 2025,2025-05-24T20:00:00+02:00,2025-05-24T20:00:00+02:00,"Caustic Prod en accord avec Fourchette Suisse Production, présente:
Swann Périssé, depuis toute petite, n’a jamais été calme. Elle pensait que la sérénité arriverait avec l’âge, mais à 30 ans, elle a dû reconnaître qu’elle a des problèmes de colère. Au début, elle croyait qu’elle était toute seule. Elle a ensuite demandé aux gens autour d’elle leurs techniques pour gérer leur colère. Les réponses étaient tellement inquiétantes, qu’elle s’est dit qu’il fallait en faire un spectacle.
 
C’est là qu’elle a réalisé que chez les femmes, la colère est associée à la folie. 
 
Calme, c’est un spectacle hilarant de stand-up qui parle de colère, de randonnée, de sexe, de sextoys, de consentement, de haters, de lavement, de justice, d’écologie, et surtout d’indignation.
 
Swann Périssé est la présentatrice du talk show Y’a plus de Saisons, et elle produit depuis plus de 10 ans des contenus drôles, écolo, et féministes, sur ses chaînes Youtube et pages insta, qui cumulent plus d’un million d’abonnés. Elle remonte sur scène depuis janvier 2023.",BFM (Bâtiment des Forces Motrices),BFM (Bâtiment des Forces Motrices) - Genève,https://etickets.storage5.infomaniak.com/events/thumbnail/2c3f9570-9bce-4848-b7e4-45382d8ff2f2.jpg?1732989914,https://infomaniak.events/fr-ch/humour-et-comedie/swann-perisse-calme/6dFJhklA6Ko8c5jhdut4911UUqiX,N/A
Bastian Baker,mer. 29 janv. 2025,2025-01-29T20:00:00+01:00,2025-01-29T20:00:00+01:00,"Solo acoustique
Durée: 2h00",Salle communale d'Onex,Salle communale d'Onex,https://etickets.storage5.infomaniak.com/events/thumbnail/ba5dccb3-e8b6-43e2-917c-36fef5d75be0.jpg?1724162420,https://infomaniak.events/fr-ch/concerts/bastian-baker/7aiRltiwwXC5cAGhmH6f3v2AHgmu,Bientôt complet
Tzusamen,sam. 15 mars - dim. 16 mars 2025,2025-03-15T19:30:00+01:00,2025-03-16T17:00:00+01:00,"Issus des grands orchestres parisiens, les musiciens qui composent le Sirba Octet ont fait le pari de se poser à mi-chemin entre la musique classique et la musique traditionnelle d’Europe de l’Est.
Avec « Tzusamen », ils rendent ici hommage à trois peuples victimes de génocides – Roms, Juifs et Arméniens – dont les chemins d’exil se tracent et s’entrecroisent à travers l’Europe, et qui portent avec eux leur culture et leur langue, leur musique et leurs chants. Un voyage au pays des musiques traditionnelles et populaires yiddish, arméniennes et tsiganes qui rayonnent de couleurs nostalgiques et festives.
Les arrangements de Cyrille Lehn, tels une dentelle dont on savoure chaque ligne, sont magnifiquement servis par des musiciens qui donnent à ces mélodies toutes leurs lettres de noblesse.
 
 
DISTRIBUTION
Sirba Octet
Chœur de la Maîtrise du Conservatoire Populaire de Musique, Danse et Théâtre de Genève
 
DURÉE
1 heure et 30 minutes, sans entracte
 ",La Cité Bleue,La Cité Bleue - Genève,https://etickets.storage5.infomaniak.com/events/thumbnail/5f5c2e08-3de5-478d-813d-ad0cb9514e00.jpg?1732552228,https://infomaniak.events/fr-ch/concerts/tzusamen/AUT1DeV322c3tbDi0f3upF1r98kV,N/A
Atelier-conférence avec Defne Erdur et Emma Bigé,Dans 5 jours,2024-12-09T15:00:00+01:00,2024-12-09T15:00:00+01:00,"Atelier-conférence Zones de contact avec Defne Erdur et Emma Bigé— de 15h à 18h— ouvert à touxtes— place limitée, sur réservation",Studio de l'ADC - Maison des arts du Grütli,Studio de l'ADC - Maison des arts du Grütli - Genève,https://etickets.storage5.infomaniak.com/events/thumbnail/cf7c1f16-0fe2-41bd-8ee2-4a9747ab896f.jpg?1733227225,https://infomaniak.events/fr-ch/conferences/atelier-conference-avec-defne-erdur-et-emma-bige/8rLtPYRPCmA8c5jhdut491125Ljn,Dernière chance
"Manon Bril ""Rodage en mode tranquille""",ven. 4 avr. - sam. 5 avr. 2025,2025-04-04T19:00:00+02:00,2025-04-05T19:00:00+02:00,"Tu veux savoir pourquoi les statues dans les musées ont des petites teubs ?
Ce n'est pas un hasard. (Oui maintenant t'as envie de venir). 
 
Docteure en histoire, Manon Bril fait de la vulgarisation sur internet depuis 2015, et désormais sur scène pour vous expliquer que rien n'a ""toujours été comme ça"". Par exemple à Rome on faisait des réunions aux toilettes. Pardon mais c'est un autre monde que le nôtre, ça. Si, déso pas du tout déso. Ou alors on va pas aux mêmes soirées. Bref, le parcours de l'humanité n'a aucun sens.
 ",Caustic Comedy Club,Caustic Comedy Club - Carouge,https://etickets.storage5.infomaniak.com/events/thumbnail/70726bf4-c529-4339-9cf9-78cb91fe59c9.jpg?1732989883,https://infomaniak.events/fr-ch/humour-et-comedie/manon-bril-rodage-en-mode-tranquille/6XicixT9CvS5cAGhmH6f3v0wNQKc,N/A
Tania Dutel - Nouveau spectacle,ven. 4 avr. 2025,2025-04-04T20:00:00+02:00,2025-04-04T20:00:00+02:00,"Au moment où vous lisez ces lignes, ce spectacle n’est pas encore écrit...
 
Mais on a demandé à Tania Dutel un résumé :
 
« Je vais être très honnête, je ne sais pas quelle direction ce spectacle va prendre. Tout ce que je peux te dire, c’est que je vais passer toutes mes soirées en Comedy Club pour être sûre que ça fonctionne à Vernier donc normalement, ça sera drôle.
 
Après tu connais, nous n’avons pas tous les mêmes grilles de lecture ».
 
Au moins, vous serez prévenu !
 
Humour
Durée : 1h10
Déconseillé aux moins de 16 ans",Salle du Lignon,Salle du Lignon - Vernier,https://etickets.storage5.infomaniak.com/events/thumbnail/fa931d65-2afe-4450-ad41-6f85c63b3d42.jpg?1730385024,https://infomaniak.events/fr-ch/humour-et-comedie/tania-dutel-nouveau-spectacle/5bQm6oQgxus8c5jhdut4911TCFC5,N/A
AU DIAPASON,ven. 4 avr. - dim. 13 avr. 2025,2025-04-04T19:00:00+02:00,2025-04-13T17:00:00+02:00,"Spectacle en chansons, la vie est en-chantée !",Thêatre Am Stram Gram,Thêatre Am Stram Gram - Genève,https://etickets.storage5.infomaniak.com/events/thumbnail/6fd5993e-77fe-465c-acee-210ed5eb7252.jpg?1730111425,https://infomaniak.events/fr-ch/theatre/au-diapason/62P9MjZNt2I6dKWsyTcf0d1orJZI,N/A
"Scoooootch ! - Les Nouveaux Ballets du Nord-Pas de Calais, Amélie Poirier",sam. 29 mars - dim. 30 mars 2025,2025-03-29T15:00:00+01:00,2025-03-30T10:00:00+02:00,"Dérouler, coller, couper, recoller… entre les mains de trois rockeuses-danseuses-marionnettistes-comédiennes, le scotch est la matière première d’une performance ludique et graphique. 
 
Tout en chuchotant une comptine rock, les trois artistes déroulent indéfiniment leur ruban adhésif, tracent des lignes horizontales ou verticales pour dessiner dans l’espace. Elles se construisent des cabanes ou des compagnons de jeu en déchirant, tordant, arrachant le papier collant.
 
Parfois, le scotch les dépasse et les emmène un peu plus loin que prévu, dans la joie de l’insoupçonné, à l’écoute de l’imprévisible. Parfois aussi, il aide à recoller les morceaux entre les unes et les autres.
 
L’imaginaire des enfants est sans cesse sollicité pour trouver le meilleur tracé. Ils et elles découvrent qu’on peut aussi se tromper et tout casser pour recommencer ailleurs… Une aventure ludique aussi adhésive que philosophique !
 
ATELIER DE CONSTRUCTION DE MARIONNETTES Après le spectacle, les comédiennes vous invitent à découvrir toutes les surprises que peut offrir la matière première du spectacle : le scotch. En récupérant le ruban adhésif utilisé pour la représentation, construisez de petites marionnettes collantes et colorées.
 
Théâtre d'objets
Durée : 35min
Dès 2 ans",Salle du Lignon,Salle du Lignon - Vernier,https://etickets.storage5.infomaniak.com/events/thumbnail/dc0e6377-576c-4a74-8a4b-6b9962efb2f5.jpg?1724919304,https://infomaniak.events/fr-ch/theatre/scoooootch-les-nouveaux-ballets-du-nord-pas-de-calais-amelie-poirier/8cMeRAuzi1y6dKWsyTcf0d1TDPVi,N/A
Polyglots,sam. 28 sept. 2024 - ven. 23 mai 2025,2024-09-28T19:00:00+02:00,2025-05-23T20:00:00+02:00,"Il n’y a no script. Sur scène, nobody ne sait what will se passer. Vous suggest les themes and la comedy prend vie right sous vos yeux. Watch us make stuff up – en plusieurs langues. You’ll laugh, nous allons rire, the world will be a slightly better place, et le monde deviendra meilleur.Compagnie PolyglotsAvec : Christian Baumann, Paul Berrocal, Viki Lazar, Lia Leveillé, Daire O’ Doherty et quelques invité·es",Théâtre le douze dix-huit,Théâtre le douze dix-huit - Le Grand-Saconnex,https://etickets.storage5.infomaniak.com/events/thumbnail/0c119185-0b43-4a13-bbf2-117fb1bd9a74.jpg?1727539226,https://infomaniak.events/fr-ch/theatre/polyglots/6tsi1FnsJXu8c5jhdut4910uB0vx,N/A
LEÏLA HUISSOUD + VICTOR SOLF,mer. 19 mars 2025,2025-03-19T20:00:00+01:00,2025-03-19T20:00:00+01:00,"CONFIGURATION
- Ce concert est prévu assis.
 
INFOS GÉNÉRALES
- Retrouver toutes les informations billetteries détaillées (détails justificatifs, tarifs, ...) sur notre page ICI",Casino Théâtre,Casino Théâtre - Genève,https://etickets.storage5.infomaniak.com/events/thumbnail/7355bc29-8111-4286-8f40-8886905ba338.jpg?1732801507,https://infomaniak.events/fr-ch/concerts/leila-huissoud-victor-solf/8BKh9a6C2KY79rwmVraOW11UJKSi,N/A
Je m'appelle Asher Lev,mar. 18 mars 2025,2025-03-18T20:00:00+01:00,2025-03-18T20:00:00+01:00,"Une nomination et un Molière
Durée: 1h30
Dès 12 ans",Salle communale d'Onex,Salle communale d'Onex,https://etickets.storage5.infomaniak.com/events/thumbnail/821b094a-7be5-488d-bdea-37743049769f.jpg?1728568823,https://infomaniak.events/fr-ch/theatre/je-mappelle-asher-lev/5cHkL9oJyRW8c5jhdut4912AUf5Y,Bientôt complet
Bate Fado,mer. 19 févr. 2025,2025-02-19T20:30:00+01:00,2025-02-19T20:30:00+01:00,"Au carrefour entre danse et concert, ce spectacle hybride revisite avec une actualité percutante la danse fado du 19ème. Neuf danseurs, musiciens et chanteurs allient leur talent pour cet hommage irrévérencieux.",Théâtre Forum Meyrin,Théâtre Forum Meyrin,https://etickets.storage5.infomaniak.com/events/thumbnail/364d04b4-1e30-4311-ad21-f60a9f8edbfc.jpg?1733130297,https://infomaniak.events/fr-ch/theatre/bate-fado/6czmDoLI1dC6cs8Z0ijz9K1wrwZb,N/A
La vraie histoire du Père Noël,dim. 15 déc.,2024-12-15T11:00:00+01:00,2024-12-15T11:00:00+01:00,"Le Père Noël est vieux, aussi vieux que le monde… Son histoire est longue et aventureuse, car il a beaucoup voyagé et changé de pays et de nom.
 
Il naît dans les régions blanches et glaciales du Pôle Nord. Quand son menton se couvre d’une grande barbe blanche, les gens se mettent à l’appeler « Grand-père Gel » il y en a même qui disent qu’il est marié à la merveilleuse Fée du Printemps ! Il a une irrésistible envie de voyager, il visite d’abord les pays d’Europe du Nord, où il se fait appeler « Klaus » et offre des biscuits délicieux, à la fin, il atterrit aux Etats-Unis, où il se retrouve à faire de la pub pour une boisson pétillante ! Mais à quel moment ce vieux bonhomme extraordinaire est devenu le Père Noël que tout le monde connaît ?
 
Découvrez cette histoire merveilleuse dans une ambiance de conte de fée, créée par des projections et des images animées.",Espace Culturel du Bois-Des-Arts,Espace Culturel du Bois-Des-Arts - Thônex,https://etickets.storage5.infomaniak.com/events/thumbnail/8a3c199e-6ba3-4b0b-bc2c-b9c4acb1620d.jpg?1732873503,https://infomaniak.events/fr-ch/theatre/la-vraie-histoire-du-pere-noel/9dLVB3InKlOAFhz2MhOXxo13BGYP,N/A
Projection et discussion autour du film : 'À la rencontre de mon père' (2023),mar. 5 nov. - mar. 10 déc.,2024-11-05T18:30:00+01:00,2024-12-10T18:30:00+01:00,"""À la rencontre de mon père"" d'Edmond RICHEMOND et Simon MALLER, France, documentaire, 40 min, Gala Productions, 2023
 
Ce film documentaire a la caractéristique propre et l'atout d'avoir été co-réalisé par Simon Maller et son grand-père Edmond Richemond, âgé aujourd'hui de 95 ans.
 Sollicité par ses enfants et petits-enfants sur un étrange épisode auquel il a assisté dans sa famille  et dans son immeuble à l'âge de 11 ans, soit au moment de l'occupation par les Allemands de Paris - en 1940 -, Edmond Richemond se voit poussé à enquêter avec eux sur les traces de son père, Rachmil (Rudy) Rajchman, personnalité très impliquée avant-guerre dans la vie juive communautaire, et notamment en tant que président de l’Union des Juifs polonais de France.
 
En présence de Simon Maller (sur place) et d'Edmond Richemond (par Zoom)
 
En partenariat avec le Cercle Martin Buber et le GIL
 ",Maison Juive Dumas,Maison Juive Dumas - Genève,https://etickets.storage5.infomaniak.com/events/thumbnail/ec4b2c80-e204-45e1-a480-0a0fd6f5d001.jpg?1733171428,https://infomaniak.events/fr-ch/loisirs/projection-et-discussion-autour-du-film-a-la-rencontre-de-mon-pere-2023/5xhatIkE7c28c5jhdut4911nldse,N/A
"Lise Dehurtevent ""ça pérégrine""",ven. 10 janv. - sam. 11 janv. 2025,2025-01-10T19:00:00+01:00,2025-01-11T19:00:00+01:00,"Dans ce premier spectacle, Lise pérégrine de thèmes en thèmes et retrace un bout de vie. Le temps des voyages, le temps de la banqueroute et le temps d’attente... jusqu’au prochain cycle de voyages.
 
En apportant un regard nouveau et rafraîchissant sur le monde d’aujourd’hui, elle nous embarque dans un univers piquant et plein d’imaginaire.
 
En 2023 elle remporte le prix d’écriture SACD du festival de Paris.",Caustic Comedy Club,Caustic Comedy Club - Carouge,https://etickets.storage5.infomaniak.com/events/thumbnail/dd699c4a-edd3-45de-b098-dd313cefbb86.jpg?1732989881,https://infomaniak.events/fr-ch/humour-et-comedie/lise-dehurtevent-ca-peregrine/9nvOy88f4viAFhz2MhOXxo1qusL3,N/A
Les Virtuoses,mer. 12 mars - jeu. 13 mars 2025,2025-03-12T20:00:00+01:00,2025-03-13T20:00:00+01:00,"NOUVEAU SPECTACLE ""Opus 2""
Durée: 1h20
Dès 7 ans
En partenariat avec le Service culturel Migros Genève",Salle communale d'Onex,Salle communale d'Onex,https://etickets.storage5.infomaniak.com/events/thumbnail/2b78b61c-f182-4941-b645-e0736f05a0ce.jpg?1732715101,https://infomaniak.events/fr-ch/humour-et-comedie/les-virtuoses/7UbQzbT4lDG5cAGhmH6f3v2ASRp9,Bientôt complet
Les petits papiers de Léopoldine,dim. 2 mars 2025,2025-03-02T11:00:00+01:00,2025-03-02T11:00:00+01:00,"Cie Léopoldine Papier
Récrés-Spectacles durée: 45 min
Dès 5 ans",Le Manège,Le Manège - Onex,https://etickets.storage5.infomaniak.com/events/thumbnail/628de03d-85bf-4417-886b-412402145b49.jpg?1732525224,https://infomaniak.events/fr-ch/famille/les-petits-papiers-de-leopoldine/8XGa573BeUc8c5jhdut4912BSdY0,N/A
"Non ! Je veux pas - Marjolaine Minot, Günther Baldauf",dim. 13 avr. 2025,2025-04-13T15:00:00+02:00,2025-04-13T15:00:00+02:00,"Créé au Théâtre Am Stram Gram en collaboration avec le metteur en scène Fabrice Melquiot, Non ! Je veux pas traite du thème de l’opposition et de l’affirmation de soi, avec sur scène, une actrice, un beatboxer et une chanteuse lyrique.
 
Non ! je veux pas proclame l’enfant, pour exprimer son refus, son insatisfaction, son incompréhension ou tout simplement son désir d’exister. En même temps que l’enfant dit « non », il dit « je » et prend le risque de manifester ses désirs.
 
Speaker B, beatboxer, l’un des meilleurs en Suisse, cache dans sa gorge tout un orchestre qui en fait un créateur sonore à nul autre pareil.
 
Prune Guillaumon, chanteuse lyrique, par sa fantaisie et son audace, compose un arsenal anticonventions. L’association des trois artistes, sous le regard acéré de Günther Baldauf, est une explosion scénique inventive et débridée à l’adresse des plus jeunes.
 
Pour rappeler à tous que l’enfance est un tourbillon des sens, une polka des sentiments, une suite sans fin d’oppositions qui emporte tout.
 
Théâtre · Chant lyrique · Beatbox
Durée : 35min
Dès 3 ans",Salle du Lignon,Salle du Lignon - Vernier,https://etickets.storage5.infomaniak.com/events/thumbnail/638317be-fc49-4ee4-a314-1c11447f314d.jpg?1727266504,https://infomaniak.events/fr-ch/theatre/non-je-veux-pas-marjolaine-minot-gunther-baldauf/8rRI6fAwSVW6dKWsyTcf0d1TJONg,N/A
